Agent,Prior,Target,Score,SMILES,SMILES_state,Input_Scaffold,R-groups,QED,QED (raw),Stereo,Stereo (raw),dG_Qptuna,dG_Qptuna (raw),Alerts,Alerts (raw),matchting_patterns (Alerts),step,ID
8.8741,16.3554,98.0465,0.8937652,O=c1onc(-c2cc3nc(-c4ccccc4)[nH]c(=O)c3cc2F)o1,1,[*]c1cc2nc(-c3ccccc3)[nH]c(=O)c2cc1F,*c1noc(=O)o1,0.6066963,0.6067,1.0,0.0,0.9981092,-15.4451,1.0,1.0,[],254,Yn9$gk9aq2aMUK7gslq6BZibY4c
6.237,21.2148,92.6001,0.8891785,N#Cc1ccnc(-c2cc3nc(-c4ccccc4)[nH]c(=O)c3cc2F)c1,1,[*]c1cc2nc(-c3ccccc3)[nH]c(=O)c2cc1F,*c1nccc(C#N)c1,0.6024979,0.6025,1.0,0.0,0.992731,-14.2707,1.0,1.0,[],62,NNJgC5uORicwJwgdFjvudzrzmPY
14.5549,14.6988,101.8431,0.9104831,O=C(CCNc1cc2nc(-c3ccccc3)[nH]c(=O)c2cc1F)N1CCSCC1,1,[*]c1cc2nc(-c3ccccc3)[nH]c(=O)c2cc1F,*NCCC(=O)N1CCSCC1,0.6733702,0.6734,1.0,0.0,0.9911892,-14.1023,1.0,1.0,[],30,MXsD%INUV$pdXg3v%Bv%T6vpG1k
9.5806,17.1964,96.6199,0.88919,O=c1[nH]c(-c2ccccc2)nc2cc(-c3nc(CCF)no3)c(F)cc12,1,[*]c1cc2nc(-c3ccccc3)[nH]c(=O)c2cc1F,*c1nc(CCF)no1,0.6078222,0.6078,1.0,0.0,0.9898431,-13.9776,1.0,1.0,[],100,jImM7%4HZiAiAFdxB3aluzRhQw8
12.223,26.6863,87.1831,0.8896051,N#CCc1noc(-c2cc3nc(-c4ccccc4)[nH]c(=O)c3cc2F)n1,1,[*]c1cc2nc(-c3ccccc3)[nH]c(=O)c2cc1F,*c1onc(CC#N)n1,0.6102778,0.6103,1.0,0.0,0.9892058,-13.9242,1.0,1.0,[],213,apnOE5RHARgrpsWjz7MjG4pyWhY
6.5466,11.7813,101.9033,0.8881607,CCCc1noc(-c2cc3nc(-c4ccccc4)[nH]c(=O)c3cc2F)n1,1,[*]c1cc2nc(-c3ccccc3)[nH]c(=O)c2cc1F,*c1nc(CCC)no1,0.6060634,0.6061,1.0,0.0,0.9890798,-13.914,1.0,1.0,[],9,m9RFywh3dClaTVBlJ$7CeTdzxJA
10.6279,10.2331,103.7292,0.8903306,CCc1noc(-c2cc3nc(-c4ccccc4)[nH]c(=O)c3cc2F)n1,1,[*]c1cc2nc(-c3ccccc3)[nH]c(=O)c2cc1F,*c1nc(CC)no1,0.6200718,0.6201,1.0,0.0,0.9851741,-13.645,1.0,1.0,[],86,niEgSK79CgmewIsCyh59cDm00mg
8.5366,16.9448,96.6817,0.8877067,N#CCc1coc(-c2cc3nc(-c4ccccc4)[nH]c(=O)c3cc2F)n1,1,[*]c1cc2nc(-c3ccccc3)[nH]c(=O)c2cc1F,*c1nc(CC#N)co1,0.6128241,0.6128,1.0,0.0,0.9846736,-13.6157,1.0,1.0,[],108,98p46YHpGfHraJk3YGZrZS0OrHc
11.077,17.1086,96.4821,0.8874276,N#CCc1cnc(-c2cc3nc(-c4ccccc4)[nH]c(=O)c3cc2F)o1,1,[*]c1cc2nc(-c3ccccc3)[nH]c(=O)c2cc1F,*c1ncc(CC#N)o1,0.6128241,0.6128,1.0,0.0,0.9842093,-13.5894,1.0,1.0,[],300,Q92SxhM%WXH$7ibyxfqLx5bVGko
9.9129,8.0626,108.1995,0.9082977,CCN(CC)CCNc1cc2nc(-c3ccccc3)[nH]c(=O)c2cc1F,1,[*]c1cc2nc(-c3ccccc3)[nH]c(=O)c2cc1F,*NCCN(CC)CC,0.6818727,0.6819,1.0,0.0,0.9835004,-13.5506,1.0,1.0,[],8,Eu19HoJvvJP6w8VZh6d8FoVtXVU
10.1297,19.2407,93.8494,0.8835161,O=c1[nH]c(-c2ccccc2)nc2cc(-c3nc(CCF)co3)c(F)cc12,1,[*]c1cc2nc(-c3ccccc3)[nH]c(=O)c2cc1F,*c1nc(CCF)co1,0.604004,0.604,1.0,0.0,0.9824454,-13.4958,1.0,1.0,[],101,bBgMKX0r8iuQCWn2BdPusRwS1B4
7.4508,14.9611,98.335,0.8851252,N#CCc1nc(-c2cc3nc(-c4ccccc4)[nH]c(=O)c3cc2F)no1,1,[*]c1cc2nc(-c3ccccc3)[nH]c(=O)c2cc1F,*c1noc(CC#N)n1,0.6102778,0.6103,1.0,0.0,0.9817431,-13.4611,1.0,1.0,[],21,F5Mj%tJ7NSCPaKWNJglPlSKlOT4
8.7157,14.1997,99.0464,0.8847357,O=c1[nH]c(-c2ccccc2)nc2cc(-c3nnon3)c(F)cc12,1,[*]c1cc2nc(-c3ccccc3)[nH]c(=O)c2cc1F,*c1nnon1,0.6091916,0.6092,1.0,0.0,0.9816779,-13.458,1.0,1.0,[],108,2GHqx9sNlTR%vM7sJ0qBSH4emOQ
8.9718,6.9216,110.2588,0.9154722,COCCNc1cc2nc(-c3ccccc3)[nH]c(=O)c2cc1F,1,[*]c1cc2nc(-c3ccccc3)[nH]c(=O)c2cc1F,*NCCOC,0.7108689,0.7109,1.0,0.0,0.9814569,-13.4474,1.0,1.0,[],9,A7h5poIhDT2JBjiR9GrkyZ49fjI
8.636,8.5303,107.4864,0.9063801,COCCCNc1cc2nc(-c3ccccc3)[nH]c(=O)c2cc1F,1,[*]c1cc2nc(-c3ccccc3)[nH]c(=O)c2cc1F,*NCCCOC,0.6825082,0.6825,1.0,0.0,0.9800832,-13.3841,1.0,1.0,[],6,dlsYWml3ZF5zOiDgO77kxuc9NUY
7.1251,14.6677,98.0399,0.8805285,CN(C)Cc1coc(-c2cc3nc(-c4ccccc4)[nH]c(=O)c3cc2F)n1,1,[*]c1cc2nc(-c3ccccc3)[nH]c(=O)c2cc1F,*c1nc(CN(C)C)co1,0.6003089,0.6003,1.0,0.0,0.9794679,-13.3571,1.0,1.0,[],106,$8vZjVczUR9zY0q2szOdT%3JokU
5.7422,4.7255,113.7463,0.9255607,CNc1cc2nc(-c3ccccc3)[nH]c(=O)c2cc1F,1,[*]c1cc2nc(-c3ccccc3)[nH]c(=O)c2cc1F,*NC,0.7517579,0.7518,1.0,0.0,0.9792977,-13.3498,1.0,1.0,[],2,c1obpIIMba%VlBB7aguQ2N1%RUg
7.9994,14.3711,98.6451,0.8829387,COCc1coc(-c2cc3nc(-c4ccccc4)[nH]c(=O)c3cc2F)n1,1,[*]c1cc2nc(-c3ccccc3)[nH]c(=O)c2cc1F,*c1nc(COC)co1,0.608228,0.6082,1.0,0.0,0.9792052,-13.3458,1.0,1.0,[],104,F0ST%rWCy2K2W95Y5csNX5bD00E
7.3923,13.4443,99.7036,0.8839678,CCc1coc(-c2cc3nc(-c4ccccc4)[nH]c(=O)c3cc2F)n1,1,[*]c1cc2nc(-c3ccccc3)[nH]c(=O)c2cc1F,*c1nc(CC)co1,0.6152601,0.6153,1.0,0.0,0.9771661,-13.2628,1.0,1.0,[],104,xuByQqdvG1N1AITqayLt2Rus3TU
9.1532,15.7873,96.8727,0.8801559,N#CCc1ccnc(-c2cc3nc(-c4ccccc4)[nH]c(=O)c3cc2F)c1,1,[*]c1cc2nc(-c3ccccc3)[nH]c(=O)c2cc1F,*c1cc(CC#N)ccn1,0.6042141,0.6042,1.0,0.0,0.9767329,-13.2461,1.0,1.0,[],100,ZTsxzFOqEw36mwqE2i2GznsKecs
10.1144,10.1144,106.4177,0.9104068,CSCCNc1cc2nc(-c3ccccc3)[nH]c(=O)c2cc1F,1,[*]c1cc2nc(-c3ccccc3)[nH]c(=O)c2cc1F,*NCCSC,0.7034901,0.7035,1.0,0.0,0.9767135,-13.2453,1.0,1.0,[],1,YYuIntJzc45HEaaPja53xdoTzwY
7.0338,13.4039,99.1695,0.8794794,CN(C)c1ccnc(-c2cc3nc(-c4ccccc4)[nH]c(=O)c3cc2F)c1,1,[*]c1cc2nc(-c3ccccc3)[nH]c(=O)c2cc1F,*c1cc(N(C)C)ccn1,0.6026594,0.6027,1.0,0.0,0.9764452,-13.2351,1.0,1.0,[],106,%8Nfp8OjVphWfyCeCjuyCqDY3LA
8.514,14.4229,98.2699,0.8804124,CCOc1noc(-c2cc3nc(-c4ccccc4)[nH]c(=O)c3cc2F)n1,1,[*]c1cc2nc(-c3ccccc3)[nH]c(=O)c2cc1F,*c1nc(OCC)no1,0.6061669,0.6062,1.0,0.0,0.9761094,-13.2225,1.0,1.0,[],61,5IrmdDBH4rrMjehydQsGc5DOf3Q
7.4914,11.7626,100.9143,0.880288,COCc1noc(-c2cc3nc(-c4ccccc4)[nH]c(=O)c3cc2F)n1,1,[*]c1cc2nc(-c3ccccc3)[nH]c(=O)c2cc1F,*c1nc(COC)no1,0.6068325,0.6068,1.0,0.0,0.9755455,-13.2018,1.0,1.0,[],30,rfZUjzXIuVQ8ZjBUsm9cYhTwYfs
7.4895,9.8486,103.1322,0.8826626,O=c1[nH]c(-c2ccccc2)nc2cc(-c3nnco3)c(F)cc12,1,[*]c1cc2nc(-c3ccccc3)[nH]c(=O)c2cc1F,*c1nnco1,0.6152444,0.6152,1.0,0.0,0.975011,-13.1825,1.0,1.0,[],9,Lo3WYgxl9$A9otM9%ymPpmOFf$Q
12.4392,12.254,100.3648,0.8798341,COCc1nc(-c2cc3nc(-c4ccccc4)[nH]c(=O)c3cc2F)no1,1,[*]c1cc2nc(-c3ccccc3)[nH]c(=O)c2cc1F,*c1noc(COC)n1,0.6068325,0.6068,1.0,0.0,0.9747912,-13.1747,1.0,1.0,[],55,bk5vdXufElOa33eneRJrWIelS5U
10.8921,12.1392,100.3495,0.8788185,CCCc1nc(-c2cc3nc(-c4ccccc4)[nH]c(=O)c3cc2F)no1,1,[*]c1cc2nc(-c3ccccc3)[nH]c(=O)c2cc1F,*c1noc(CCC)n1,0.6060634,0.6061,1.0,0.0,0.9735153,-13.1307,1.0,1.0,[],3,YQVkxYAM567FhlzuZL3iiqnG5KM
7.5613,15.6174,97.4493,0.8833337,C=Cc1nnc(-c2cc3nc(-c4ccccc4)[nH]c(=O)c3cc2F)o1,1,[*]c1cc2nc(-c3ccccc3)[nH]c(=O)c2cc1F,*c1nnc(C=C)o1,0.6203614,0.6204,1.0,0.0,0.973432,-13.1279,1.0,1.0,[],132,IO0rXqVKXWg64p6d3DwLzUIEyhQ
10.2368,8.9988,106.4144,0.9016655,NC(=O)CNc1cc2nc(-c3ccccc3)[nH]c(=O)c2cc1F,1,[*]c1cc2nc(-c3ccccc3)[nH]c(=O)c2cc1F,*NCC(N)=O,0.6812177,0.6812,1.0,0.0,0.9730598,-13.1155,1.0,1.0,[],18,$j0ySpqCBw2bdcD7VczFgENbTzU
9.0795,15.1767,97.5424,0.8806183,CCCn1cnc(-c2cc3nc(-c4ccccc4)[nH]c(=O)c3cc2F)n1,1,[*]c1cc2nc(-c3ccccc3)[nH]c(=O)c2cc1F,*c1ncn(CCC)n1,0.6125527,0.6126,1.0,0.0,0.9730468,-13.115,1.0,1.0,[],101,APBMzisiVgGGw1$FmffWXAZpgXI
6.5594,8.9405,103.6543,0.879647,Cc1nnc(-c2cc3nc(-c4ccccc4)[nH]c(=O)c3cc2F)o1,1,[*]c1cc2nc(-c3ccccc3)[nH]c(=O)c2cc1F,*c1nnc(C)o1,0.6128189,0.6128,1.0,0.0,0.9712968,-13.0588,1.0,1.0,[],8,Ht1JX7798ygz61uJzD1J2qR1vPU
9.238,12.5361,99.8086,0.8776934,COCc1nnc(-c2cc3nc(-c4ccccc4)[nH]c(=O)c3cc2F)o1,1,[*]c1cc2nc(-c3ccccc3)[nH]c(=O)c2cc1F,*c1nnc(COC)o1,0.6068325,0.6068,1.0,0.0,0.9712357,-13.0569,1.0,1.0,[],120,BcPNzon0kIt2RZO%UOoekZsn7K4
7.8384,14.1715,98.3221,0.8788568,CN(C)c1nnc(-c2cc3nc(-c4ccccc4)[nH]c(=O)c3cc2F)o1,1,[*]c1cc2nc(-c3ccccc3)[nH]c(=O)c2cc1F,*c1nnc(N(C)C)o1,0.6105736,0.6106,1.0,0.0,0.9711757,-13.0551,1.0,1.0,[],59,gj997kbFlwSkhvSvVWMh7TOH8L0
9.5667,16.86,95.3123,0.8763463,N#Cc1cnnc(-c2cc3nc(-c4ccccc4)[nH]c(=O)c3cc2F)c1,1,[*]c1cc2nc(-c3ccccc3)[nH]c(=O)c2cc1F,*c1cc(C#N)cnn1,0.60338,0.6034,1.0,0.0,0.9708453,-13.0449,1.0,1.0,[],122,l9od322kXSRmodMW0V%j2XhznWU
11.4758,14.2547,98.4977,0.8808774,Cc1nc(Cc2cc3nc(-c4ccccc4)[nH]c(=O)c3cc2F)co1,1,[*]c1cc2nc(-c3ccccc3)[nH]c(=O)c2cc1F,*Cc1coc(C)n1,0.6206046,0.6206,1.0,0.0,0.969248,-12.9971,1.0,1.0,[],115,msmYB05lG1ScuOEMGTwsEtB3rNE
6.4869,10.8913,101.7459,0.8799779,CCc1nnc(-c2cc3nc(-c4ccccc4)[nH]c(=O)c3cc2F)o1,1,[*]c1cc2nc(-c3ccccc3)[nH]c(=O)c2cc1F,*c1nnc(CC)o1,0.6200718,0.6201,1.0,0.0,0.9680407,-12.9626,1.0,1.0,[],12,N2fhm8FRGl6K3PDi$p%0f7GsVPc
8.4542,8.368,104.0829,0.878523,O=c1[nH]c(-c2ccccc2)nc2cc(-c3ncco3)c(F)cc12,1,[*]c1cc2nc(-c3ccccc3)[nH]c(=O)c2cc1F,*c1ncco1,0.615957,0.616,1.0,0.0,0.9677866,-12.9555,1.0,1.0,[],32,HnX9ojPPLlwPu7dzZqwmwUPG52s
8.559,13.6464,98.4539,0.8757841,COCc1cc(-c2cc3nc(-c4ccccc4)[nH]c(=O)c3cc2F)no1,1,[*]c1cc2nc(-c3ccccc3)[nH]c(=O)c2cc1F,*c1cc(COC)on1,0.608228,0.6082,1.0,0.0,0.9673274,-12.9428,1.0,1.0,[],130,j2iKd3Csj$VEuRF5JUQWHZJQ6Ak
8.9954,16.1311,95.7046,0.8737168,N#CCc1nnc(-c2cc3nc(-c4ccccc4)[nH]c(=O)c3cc2F)s1,1,[*]c1cc2nc(-c3ccccc3)[nH]c(=O)c2cc1F,*c1nnc(CC#N)s1,0.6023756,0.6024,1.0,0.0,0.9670159,-12.9343,1.0,1.0,[],253,CZ5iFf9Ym39Bhge98OGP5wLzn4E
8.2422,12.4683,99.4982,0.8747379,CCCc1nnc(-c2cc3nc(-c4ccccc4)[nH]c(=O)c3cc2F)o1,1,[*]c1cc2nc(-c3ccccc3)[nH]c(=O)c2cc1F,*c1nnc(CCC)o1,0.6060634,0.6061,1.0,0.0,0.9667427,-12.9268,1.0,1.0,[],19,v8%7sYKdhwQoYQeMRdcczEMLXiw
10.1759,17.1676,94.4911,0.8723334,CCCc1ncnc(-c2cc3nc(-c4ccccc4)[nH]c(=O)c3cc2F)n1,1,[*]c1cc2nc(-c3ccccc3)[nH]c(=O)c2cc1F,*c1ncnc(CCC)n1,0.6009819,0.601,1.0,0.0,0.9654651,-12.893,1.0,1.0,[],156,IvqPiMKu7CA8GEGqAEPfXOlYCYc
17.2423,14.8089,99.6872,0.8945011,C/C=C(\CC)CNc1cc2nc(-c3ccccc3)[nH]c(=O)c2cc1F,1,[*]c1cc2nc(-c3ccccc3)[nH]c(=O)c2cc1F,*NC/C(=C/C)CC,0.6741528,0.6742,1.0,0.0,0.9648323,-12.8766,1.0,1.0,[],184,VUJ6dmPzMwOkvipC0lv9An2BxIA
9.5422,15.2428,96.4651,0.8727184,N#Cc1nnc(-c2cc3nc(-c4ccccc4)[nH]c(=O)c3cc2F)o1,1,[*]c1cc2nc(-c3ccccc3)[nH]c(=O)c2cc1F,*c1nnc(C#N)o1,0.6038827,0.6039,1.0,0.0,0.964555,-12.8695,1.0,1.0,[],252,$HeCme9k32HJeThy8$%rZ5K5EtA
11.7674,16.4711,95.6366,0.8758412,O=c1[nH]c(-c2ccccc2)nc2cc(-c3ncc(CF)o3)c(F)cc12,1,[*]c1cc2nc(-c3ccccc3)[nH]c(=O)c2cc1F,*c1ncc(CF)o1,0.6152201,0.6152,1.0,0.0,0.963743,-12.8491,1.0,1.0,[],128,VdsxUH3U4IrmzhQrRV146ejui$w
9.4528,10.5215,101.3717,0.8741656,Cc1nc(-c2cc3nc(-c4ccccc4)[nH]c(=O)c3cc2F)co1,1,[*]c1cc2nc(-c3ccccc3)[nH]c(=O)c2cc1F,*c1coc(C)n1,0.6109587,0.611,1.0,0.0,0.9632077,-12.8359,1.0,1.0,[],102,fft2JGBu5TwRXil$OtLtR3ZX0iQ
10.2337,15.3102,96.5726,0.8740842,O=c1[nH]c(-c2ccccc2)nc2cc(-c3cc(F)on3)c(F)cc12,1,[*]c1cc2nc(-c3ccccc3)[nH]c(=O)c2cc1F,*c1cc(F)on1,0.6118937,0.6119,1.0,0.0,0.9625824,-12.8207,1.0,1.0,[],140,n6gnwgGBjcwax0CPy5Ay5d94Jfw
8.6706,8.7768,6.4014,0.11858,O=c1[nH]c(-c2ccccc2)nc2cc(NCC3CCCO3)c(F)cc12,1,[*]c1cc2nc(-c3ccccc3)[nH]c(=O)c2cc1F,*NCC1CCCO1,0.7651305,0.7651,0.0,1.0,0.9618453,-12.8031,1.0,1.0,[],10,bLNK2fQACvkmdioKsuyHnt5smZs
9.1702,15.338,96.279,0.8720076,COCc1nc(-c2cc3nc(-c4ccccc4)[nH]c(=O)c3cc2F)co1,1,[*]c1cc2nc(-c3ccccc3)[nH]c(=O)c2cc1F,*c1coc(COC)n1,0.608228,0.6082,1.0,0.0,0.9610773,-12.7851,1.0,1.0,[],107,%%mtaFSpyz0Yl3AZkHmU2Y14%os
8.469,13.5161,98.1855,0.8726693,CN(C)c1noc(-c2cc3nc(-c4ccccc4)[nH]c(=O)c3cc2F)n1,1,[*]c1cc2nc(-c3ccccc3)[nH]c(=O)c2cc1F,*c1nc(N(C)C)no1,0.6105736,0.6106,1.0,0.0,0.9609377,-12.7819,1.0,1.0,[],87,jxrGgG%5J2RLmOZc8BJyQ8GkWbY
7.6625,10.8797,101.1859,0.8755126,CCc1nc(-c2cc3nc(-c4ccccc4)[nH]c(=O)c3cc2F)no1,1,[*]c1cc2nc(-c3ccccc3)[nH]c(=O)c2cc1F,*c1noc(CC)n1,0.6200718,0.6201,1.0,0.0,0.9606819,-12.776,1.0,1.0,[],7,2tta8KjSOdcUsjV18DdXqB4O1r8
7.4433,14.6278,96.9307,0.8715506,N#Cc1cc(-c2cc3nc(-c4ccccc4)[nH]c(=O)c3cc2F)no1,1,[*]c1cc2nc(-c3ccccc3)[nH]c(=O)c2cc1F,*c1cc(C#N)on1,0.6076757,0.6077,1.0,0.0,0.9606127,-12.7744,1.0,1.0,[],110,kPnzWdgAwjO8fl6WV8g9EFxXoL0
6.4954,13.8087,97.4374,0.8691101,CCc1ccnc(-c2cc3nc(-c4ccccc4)[nH]c(=O)c3cc2F)c1,1,[*]c1cc2nc(-c3ccccc3)[nH]c(=O)c2cc1F,*c1cc(CC)ccn1,0.6002978,0.6003,1.0,0.0,0.9604837,-12.7714,1.0,1.0,[],105,0yfbAmqWKdCMea2U1%9XnVHPrqU
10.4208,14.2087,97.3712,0.8717184,O=c1[nH]c(-c2ccccc2)nc2cc(-c3nnno3)c(F)cc12,1,[*]c1cc2nc(-c3ccccc3)[nH]c(=O)c2cc1F,*c1nnno1,0.6091916,0.6092,1.0,0.0,0.9600923,-12.7625,1.0,1.0,[],136,2W$xQfAyEyX6nsiWezKZM1n3CjE
8.6907,14.4701,96.8219,0.8694687,O=c1[nH]c(-c2ccccc2)nc2cc(-c3nnc(Cl)o3)c(F)cc12,1,[*]c1cc2nc(-c3ccccc3)[nH]c(=O)c2cc1F,*c1nnc(Cl)o1,0.6029284,0.6029,1.0,0.0,0.9596783,-12.7532,1.0,1.0,[],276,LZV5lM$qgEpjuQovBxADprjN2gg
9.6655,13.8267,98.0193,0.8737972,COc1nnc(-c2cc3nc(-c4ccccc4)[nH]c(=O)c3cc2F)o1,1,[*]c1cc2nc(-c3ccccc3)[nH]c(=O)c2cc1F,*c1nnc(OC)o1,0.6171934,0.6172,1.0,0.0,0.9593465,-12.7458,1.0,1.0,[],257,XMt5sl3GkFlE7gKDrHBPTPpfHT0
7.6023,13.5494,98.2177,0.8731808,O=c1[nH]c(-c2ccccc2)nc2cc(-c3conn3)c(F)cc12,1,[*]c1cc2nc(-c3ccccc3)[nH]c(=O)c2cc1F,*c1conn1,0.6152444,0.6152,1.0,0.0,0.9593425,-12.7457,1.0,1.0,[],106,wTP7LTMFHekrZ2CZdf29HvP5Wbc
9.2998,17.1534,94.2292,0.8701769,N#CCc1cncc(-c2cc3nc(-c4ccccc4)[nH]c(=O)c3cc2F)n1,1,[*]c1cc2nc(-c3ccccc3)[nH]c(=O)c2cc1F,*c1cncc(CC#N)n1,0.6071327,0.6071,1.0,0.0,0.9586281,-12.7299,1.0,1.0,[],122,QMRrRsPWo9mkbFgwRq%XZ4AQgYY
11.3418,15.9854,95.2637,0.8691332,N#CCCn1cnc(-c2cc3nc(-c4ccccc4)[nH]c(=O)c3cc2F)c1,1,[*]c1cc2nc(-c3ccccc3)[nH]c(=O)c2cc1F,*c1cn(CCC#N)cn1,0.6039559,0.604,1.0,0.0,0.9585786,-12.7288,1.0,1.0,[],92,Q3rW$$gOYg9uQBODZFrPNfaMTtM
16.3498,12.7724,103.4518,0.9080018,O=C(CCCc1cc2nc(-c3ccccc3)[nH]c(=O)c2cc1F)N1CCCC1,1,[*]c1cc2nc(-c3ccccc3)[nH]c(=O)c2cc1F,*CCCC(=O)N1CCCC1,0.7354881,0.7355,1.0,0.0,0.9585282,-12.7277,1.0,1.0,[],117,AEvfeB$fCoJhscXtWpAfoo56Me8
11.3167,16.7472,94.6533,0.8703169,C=C(C)c1nnc(-c2cc3nc(-c4ccccc4)[nH]c(=O)c3cc2F)o1,1,[*]c1cc2nc(-c3ccccc3)[nH]c(=O)c2cc1F,*c1nnc(C(=C)C)o1,0.6084015,0.6084,1.0,0.0,0.9581923,-12.7204,1.0,1.0,[],95,hYNb9v2qjOwD6nQxl46iJj7vPCw
7.869,14.5375,96.4841,0.8673564,CN(C)Cc1nc(-c2cc3nc(-c4ccccc4)[nH]c(=O)c3cc2F)co1,1,[*]c1cc2nc(-c3ccccc3)[nH]c(=O)c2cc1F,*c1coc(CN(C)C)n1,0.6003089,0.6003,1.0,0.0,0.957572,-12.707,1.0,1.0,[],166,SzcArvY2rk4SNdBfQvRWQCabR5I
7.9741,16.1331,95.3011,0.8705796,CN(C)c1nc(-c2cc3nc(-c4ccccc4)[nH]c(=O)c3cc2F)no1,1,[*]c1cc2nc(-c3ccccc3)[nH]c(=O)c2cc1F,*c1noc(N(C)C)n1,0.6105736,0.6106,1.0,0.0,0.9574881,-12.7052,1.0,1.0,[],196,kycy2qI613GoWWj78$Ggn9OW%o8
9.0486,12.5155,99.0634,0.8717098,CCc1cnc(-c2cc3nc(-c4ccccc4)[nH]c(=O)c3cc2F)o1,1,[*]c1cc2nc(-c3ccccc3)[nH]c(=O)c2cc1F,*c1ncc(CC)o1,0.6152601,0.6153,1.0,0.0,0.9569112,-12.693,1.0,1.0,[],60,lma2iWPVOXnARnJBfw9r4M1i8Uw
8.6147,10.9388,100.6416,0.8717219,O=c1[nH]c(-c2ccccc2)nc2cc(-c3cocn3)c(F)cc12,1,[*]c1cc2nc(-c3ccccc3)[nH]c(=O)c2cc1F,*c1cocn1,0.615957,0.616,1.0,0.0,0.9565701,-12.6859,1.0,1.0,[],212,vmJ0i7lVuVjROmw35K%osau1HSM
10.8783,10.644,100.6971,0.8698519,O=c1[nH]c(-c2ccccc2)nc2cc(-c3nnc(C4CC4)o3)c(F)cc12,1,[*]c1cc2nc(-c3ccccc3)[nH]c(=O)c2cc1F,*c1nnc(C2CC2)o1,0.6106815,0.6107,1.0,0.0,0.9562315,-12.6788,1.0,1.0,[],258,%nmcyygK34xj9SLVG4eqDZhdgC0
8.6245,15.0491,96.605,0.8722977,COc1coc(-c2cc3nc(-c4ccccc4)[nH]c(=O)c3cc2F)n1,1,[*]c1cc2nc(-c3ccccc3)[nH]c(=O)c2cc1F,*c1nc(OC)co1,0.6195954,0.6196,1.0,0.0,0.9556401,-12.6666,1.0,1.0,[],126,r3%9gZnN0zxb9lG7nDrxh$WbN4Q
6.057,11.2168,100.0893,0.8695786,Cc1coc(-c2cc3nc(-c4ccccc4)[nH]c(=O)c3cc2F)n1,1,[*]c1cc2nc(-c3ccccc3)[nH]c(=O)c2cc1F,*c1nc(C)co1,0.6109587,0.611,1.0,0.0,0.9556363,-12.6665,1.0,1.0,[],106,S3Dse5XmpEux8F%Wxb5KpThU7nI
5.6717,8.4723,102.9007,0.8701012,Cc1noc(-c2cc3nc(-c4ccccc4)[nH]c(=O)c3cc2F)n1,1,[*]c1cc2nc(-c3ccccc3)[nH]c(=O)c2cc1F,*c1nc(C)no1,0.6128189,0.6128,1.0,0.0,0.9555291,-12.6643,1.0,1.0,[],7,3Harp$ZXorc$zVNogsOPxvZFFh0
9.5109,12.6501,98.768,0.8704541,O=c1[nH]c(-c2ccccc2)nc2cc(-c3ncsn3)c(F)cc12,1,[*]c1cc2nc(-c3ccccc3)[nH]c(=O)c2cc1F,*c1ncsn1,0.6142368,0.6142,1.0,0.0,0.9553743,-12.6612,1.0,1.0,[],106,4N9%YPwbr3v6vcFPE60RTySdw34
8.9949,10.4403,100.6615,0.867983,Cc1nnc(-c2cc3nc(-c4ccccc4)[nH]c(=O)c3cc2F)s1,1,[*]c1cc2nc(-c3ccccc3)[nH]c(=O)c2cc1F,*c1nnc(C)s1,0.606538,0.6065,1.0,0.0,0.955317,-12.66,1.0,1.0,[],11,NjhIZodp2FQg$Kl2FXu%aRMbRTA
12.2594,13.0951,98.1735,0.8692858,Cc1nc(CCc2cc3nc(-c4ccccc4)[nH]c(=O)c3cc2F)no1,1,[*]c1cc2nc(-c3ccccc3)[nH]c(=O)c2cc1F,*CCc1noc(C)n1,0.6108338,0.6108,1.0,0.0,0.9552187,-12.658,1.0,1.0,[],134,kN36AuxjqSR4m3HUhJ04Mcf7Mlw
9.5169,14.6055,96.3392,0.8667559,O=c1[nH]c(-c2ccccc2)nc2cc(-c3noc(Cl)n3)c(F)cc12,1,[*]c1cc2nc(-c3ccccc3)[nH]c(=O)c2cc1F,*c1noc(Cl)n1,0.6029284,0.6029,1.0,0.0,0.9551905,-12.6574,1.0,1.0,[],17,nqIaDi9Yc95MzKgd7SiqJiiFoME
9.9759,12.3531,98.8795,0.8690051,O=c1[nH]c(-c2ccccc2)nc2cc(-c3ncncn3)c(F)cc12,1,[*]c1cc2nc(-c3ccccc3)[nH]c(=O)c2cc1F,*c1ncncn1,0.6136688,0.6137,1.0,0.0,0.9532837,-12.6195,1.0,1.0,[],27,sxkMGpNQmlTcTuztbx8fGvDEEpo
12.0171,17.812,92.8942,0.8648929,CC(=O)Cn1cnc(-c2cc3nc(-c4ccccc4)[nH]c(=O)c3cc2F)n1,1,[*]c1cc2nc(-c3ccccc3)[nH]c(=O)c2cc1F,*c1ncn(CC(C)=O)n1,0.601424,0.6014,1.0,0.0,0.9529057,-12.6122,1.0,1.0,[],161,PZuwN9CFhVoWhM2Ax3pqmJfZ$%s
10.8046,16.5172,94.3333,0.8660194,CCOc1nc(-c2cc3nc(-c4ccccc4)[nH]c(=O)c3cc2F)co1,1,[*]c1cc2nc(-c3ccccc3)[nH]c(=O)c2cc1F,*c1coc(OCC)n1,0.6050114,0.605,1.0,0.0,0.9528772,-12.6116,1.0,1.0,[],135,mJyujpkcpodX8NSO5mycDbZQ65M
8.2525,9.604,101.6848,0.8694437,O=c1[nH]c(-c2ccccc2)nc2cc(-c3ccon3)c(F)cc12,1,[*]c1cc2nc(-c3ccccc3)[nH]c(=O)c2cc1F,*c1ccon1,0.615957,0.616,1.0,0.0,0.9528226,-12.6106,1.0,1.0,[],118,SY2GSJn1Pn9B4pyCdFp0MYariZA
8.806,15.8831,95.0975,0.8670363,C=C(C)c1noc(-c2cc3nc(-c4ccccc4)[nH]c(=O)c3cc2F)n1,1,[*]c1cc2nc(-c3ccccc3)[nH]c(=O)c2cc1F,*c1nc(C(=C)C)no1,0.6084015,0.6084,1.0,0.0,0.9527797,-12.6097,1.0,1.0,[],102,5eHP1DWPNCKG2%exNS0oAHsoh0k
9.2804,18.2532,92.8632,0.868097,CN(C)c1coc(-c2cc3nc(-c4ccccc4)[nH]c(=O)c3cc2F)n1,1,[*]c1cc2nc(-c3ccccc3)[nH]c(=O)c2cc1F,*c1nc(N(C)C)co1,0.6124457,0.6124,1.0,0.0,0.952423,-12.6029,1.0,1.0,[],93,0IeP3J%rfexKLq2MOn5uHaR2Puo
13.0546,17.6349,92.9617,0.8640359,Cc1oc(-c2cc3nc(-c4ccccc4)[nH]c(=O)c3cc2F)nc1CC#N,1,[*]c1cc2nc(-c3ccccc3)[nH]c(=O)c2cc1F,*c1nc(CC#N)c(C)o1,0.6000573,0.6001,1.0,0.0,0.9522115,-12.5988,1.0,1.0,[],255,OqEjniqnyqRrjOasIjUJ0QwrHjw
6.0711,12.9154,98.296,0.868839,CCc1cc(-c2cc3nc(-c4ccccc4)[nH]c(=O)c3cc2F)no1,1,[*]c1cc2nc(-c3ccccc3)[nH]c(=O)c2cc1F,*c1cc(CC)on1,0.6152601,0.6153,1.0,0.0,0.952188,-12.5984,1.0,1.0,[],106,TezTis8xRNDljXnoXgGQqHk7WwA
11.4418,14.0855,96.7768,0.8661123,N#Cc1cnc(-c2cc3nc(-c4ccccc4)[nH]c(=O)c3cc2F)o1,1,[*]c1cc2nc(-c3ccccc3)[nH]c(=O)c2cc1F,*c1ncc(C#N)o1,0.6076757,0.6077,1.0,0.0,0.9516356,-12.5879,1.0,1.0,[],97,PDKXA%ULfHoli6EmK8dwL6FE5LQ
9.0494,11.2756,99.3605,0.8643445,O=c1[nH]c(-c2ccccc2)nc2cc(-c3nnc(C(F)F)o3)c(F)cc12,1,[*]c1cc2nc(-c3ccccc3)[nH]c(=O)c2cc1F,*c1nnc(C(F)F)o1,0.6033563,0.6034,1.0,0.0,0.9509822,-12.5756,1.0,1.0,[],12,i8EWtn8pXNhPyNB57Ac4dRlEIhI
13.8003,13.1747,98.3437,0.8712374,O=C(CCNc1cc2nc(-c3ccccc3)[nH]c(=O)c2cc1F)NC1CC1,1,[*]c1cc2nc(-c3ccccc3)[nH]c(=O)c2cc1F,*NCCC(=O)NC1CC1,0.6260728,0.6261,1.0,0.0,0.9505972,-12.5685,1.0,1.0,[],13,No$Wk26lvsth6o992gWaaQoBLRs
8.6415,15.5412,95.162,0.8648684,N#Cc1nc(-c2cc3nc(-c4ccccc4)[nH]c(=O)c3cc2F)co1,1,[*]c1cc2nc(-c3ccccc3)[nH]c(=O)c2cc1F,*c1coc(C#N)n1,0.6076757,0.6077,1.0,0.0,0.9495863,-12.55,1.0,1.0,[],171,BCeQG4tyM6Zj3tctdwPZsBeIN7Q
10.634,16.1921,94.2134,0.8625433,CC(=O)n1cnc(-c2cc3nc(-c4ccccc4)[nH]c(=O)c3cc2F)n1,1,[*]c1cc2nc(-c3ccccc3)[nH]c(=O)c2cc1F,*c1ncn(C(C)=O)n1,0.6003683,0.6004,1.0,0.0,0.9495812,-12.5499,1.0,1.0,[],159,I3pPCljCPyFW83LnYPTiuOdpgIA
10.0099,22.9915,87.8123,0.8656546,N#CCc1nonc1-c1cc2nc(-c3ccccc3)[nH]c(=O)c2cc1F,1,[*]c1cc2nc(-c3ccccc3)[nH]c(=O)c2cc1F,*c1nonc1CC#N,0.6102778,0.6103,1.0,0.0,0.9495279,-12.5489,1.0,1.0,[],251,TVyU3%7QVqTuLzykGhw6LnVPIns
11.7907,15.909,94.7693,0.8646743,N#Cc1cc(-c2cc3nc(-c4ccccc4)[nH]c(=O)c3cc2F)on1,1,[*]c1cc2nc(-c3ccccc3)[nH]c(=O)c2cc1F,*c1cc(C#N)no1,0.6076757,0.6077,1.0,0.0,0.9492667,-12.5442,1.0,1.0,[],145,bAGKsFGNm$mYn7bVY5BlgwvkkrY
10.6198,13.6626,96.6636,0.8619228,CCOc1ccc(-c2cc3nc(-c4ccccc4)[nH]c(=O)c3cc2F)nn1,1,[*]c1cc2nc(-c3ccccc3)[nH]c(=O)c2cc1F,*c1ccc(OCC)nn1,0.6000487,0.6,1.0,0.0,0.9487251,-12.5345,1.0,1.0,[],90,Nyzm7TBSa7lP9xyAhYUsLCAlCf0
9.075,16.4422,94.0808,0.8634609,N#CCc1ccnc(-c2cc3nc(-c4ccccc4)[nH]c(=O)c3cc2F)n1,1,[*]c1cc2nc(-c3ccccc3)[nH]c(=O)c2cc1F,*c1nccc(CC#N)n1,0.6071327,0.6071,1.0,0.0,0.9475515,-12.5137,1.0,1.0,[],84,Eq%aLba497OlOP6h9buY9OQ3kGU
8.0252,17.1377,93.3178,0.8629342,N#CCc1cc(-c2cc3nc(-c4ccccc4)[nH]c(=O)c3cc2F)cnn1,1,[*]c1cc2nc(-c3ccccc3)[nH]c(=O)c2cc1F,*c1cnnc(CC#N)c1,0.6071327,0.6071,1.0,0.0,0.9466845,-12.4987,1.0,1.0,[],171,rtv70AXGdtGNjQdlpaX75xIe6LE
7.8051,13.1407,97.3918,0.8635352,Cc1ncnc(-c2cc3nc(-c4ccccc4)[nH]c(=O)c3cc2F)n1,1,[*]c1cc2nc(-c3ccccc3)[nH]c(=O)c2cc1F,*c1ncnc(C)n1,0.6095862,0.6096,1.0,0.0,0.9464006,-12.4938,1.0,1.0,[],53,fLu4k94GYNinlkidhNyG4t8zQSI
8.1236,15.2062,95.0953,0.8617307,N#Cc1ccoc1-c1cc2nc(-c3ccccc3)[nH]c(=O)c2cc1F,1,[*]c1cc2nc(-c3ccccc3)[nH]c(=O)c2cc1F,*c1occc1C#N,0.6044106,0.6044,1.0,0.0,0.9461209,-12.4891,1.0,1.0,[],173,aaIhyGVBzYilnB$ot2aRM2H0jUg
8.421,15.3504,95.3497,0.8648438,O=c1[nH]c(-c2ccccc2)nc2cc(-c3ncon3)c(F)cc12,1,[*]c1cc2nc(-c3ccccc3)[nH]c(=O)c2cc1F,*c1nocn1,0.6152444,0.6152,1.0,0.0,0.945636,-12.4808,1.0,1.0,[],62,BNPMCLj72qE2RH5xOa%5L6mVjtg
13.3292,13.8217,96.4643,0.8616089,CCOc1cc(-c2cc3nc(-c4ccccc4)[nH]c(=O)c3cc2F)on1,1,[*]c1cc2nc(-c3ccccc3)[nH]c(=O)c2cc1F,*c1cc(OCC)no1,0.6050114,0.605,1.0,0.0,0.9456072,-12.4803,1.0,1.0,[],238,zP1VqTjvujiAMG8Z145%UQkero4
8.2407,14.6802,95.5706,0.8613348,N#CCc1cccc(-c2cc3nc(-c4ccccc4)[nH]c(=O)c3cc2F)n1,1,[*]c1cc2nc(-c3ccccc3)[nH]c(=O)c2cc1F,*c1cccc(CC#N)n1,0.6042141,0.6042,1.0,0.0,0.9455715,-12.4797,1.0,1.0,[],82,TijMvcPi0PPRb8b$bxwDpgGK47c
9.1167,16.1742,94.1774,0.8621214,N#CCc1nccc(-c2cc3nc(-c4ccccc4)[nH]c(=O)c3cc2F)n1,1,[*]c1cc2nc(-c3ccccc3)[nH]c(=O)c2cc1F,*c1ccnc(CC#N)n1,0.6071327,0.6071,1.0,0.0,0.9453474,-12.476,1.0,1.0,[],165,IizOEpFh$OM5A6N$jZaRbc48kgQ
11.075,14.6177,95.7017,0.8618701,N#CCc1ccc(-c2cc3nc(-c4ccccc4)[nH]c(=O)c3cc2F)o1,1,[*]c1cc2nc(-c3ccccc3)[nH]c(=O)c2cc1F,*c1ccc(CC#N)o1,0.6069596,0.607,1.0,0.0,0.9450239,-12.4705,1.0,1.0,[],163,DH2qNnGOS3q780f345W2vsWvCtw
7.956,15.5282,95.0447,0.8638511,C=Cc1cc(-c2cc3nc(-c4ccccc4)[nH]c(=O)c3cc2F)no1,1,[*]c1cc2nc(-c3ccccc3)[nH]c(=O)c2cc1F,*c1cc(C=C)on1,0.6143301,0.6143,1.0,0.0,0.9444764,-12.4614,1.0,1.0,[],154,fChuC1%TAjBfU%x3AuunxtDacFk
7.9557,12.9673,97.707,0.8646435,COc1noc(-c2cc3nc(-c4ccccc4)[nH]c(=O)c3cc2F)n1,1,[*]c1cc2nc(-c3ccccc3)[nH]c(=O)c2cc1F,*c1nc(OC)no1,0.6171934,0.6172,1.0,0.0,0.9443113,-12.4587,1.0,1.0,[],105,yxW4GSmxXmW6DetwhsIW7gkt0vs
9.9046,11.9972,103.6254,0.903302,O=C1CCCN1CCCc1cc2nc(-c3ccccc3)[nH]c(=O)c2cc1F,1,[*]c1cc2nc(-c3ccccc3)[nH]c(=O)c2cc1F,*CCCN1CCCC1=O,0.7545264,0.7545,1.0,0.0,0.9430282,-12.4377,1.0,1.0,[],154,e06$CXlWkluCrGWcnAXQ8yXs7M0
8.656,19.4441,90.5219,0.8591093,N#Cc1nnoc1-c1cc2nc(-c3ccccc3)[nH]c(=O)c2cc1F,1,[*]c1cc2nc(-c3ccccc3)[nH]c(=O)c2cc1F,*c1onnc1C#N,0.6038827,0.6039,1.0,0.0,0.9420814,-12.4225,1.0,1.0,[],207,mp6didDoRxP1GaW9r4m8vvCeFXU
12.9216,14.9348,95.1568,0.8600911,N#Cc1coc(-c2cc3nc(-c4ccccc4)[nH]c(=O)c3cc2F)n1,1,[*]c1cc2nc(-c3ccccc3)[nH]c(=O)c2cc1F,*c1nc(C#N)co1,0.6076757,0.6077,1.0,0.0,0.9417292,-12.417,1.0,1.0,[],281,e459VDVOIj9aBEVPph$EWYD9%ds
8.0403,20.7478,89.5075,0.8613697,COc1ccnc(-c2cc3nc(-c4ccccc4)[nH]c(=O)c3cc2F)c1,1,[*]c1cc2nc(-c3ccccc3)[nH]c(=O)c2cc1F,*c1nccc(OC)c1,0.6120148,0.612,1.0,0.0,0.9415942,-12.4148,1.0,1.0,[],59,zDqG8eAkHoPFyq2yiYO6p7Qz%4w
13.4416,14.3673,95.7959,0.86065,O=c1cccc(-c2cc3nc(-c4ccccc4)[nH]c(=O)c3cc2F)o1,1,[*]c1cc2nc(-c3ccccc3)[nH]c(=O)c2cc1F,*c1cccc(=O)o1,0.6098172,0.6098,1.0,0.0,0.9415426,-12.414,1.0,1.0,[],87,06YKPJQ2%QYPWEHLv$EeWdoq4wo
8.4058,9.0812,101.1988,0.8615628,Cc1nc(-c2cc3nc(-c4ccccc4)[nH]c(=O)c3cc2F)no1,1,[*]c1cc2nc(-c3ccccc3)[nH]c(=O)c2cc1F,*c1noc(C)n1,0.6128189,0.6128,1.0,0.0,0.9414986,-12.4133,1.0,1.0,[],3,1944$0TUU32tV0IFmJQZHyxpTGM
8.972,11.6751,98.1763,0.8582134,N#Cc1cccc(-c2cc3nc(-c4ccccc4)[nH]c(=O)c3cc2F)n1,1,[*]c1cc2nc(-c3ccccc3)[nH]c(=O)c2cc1F,*c1cccc(C#N)n1,0.6024979,0.6025,1.0,0.0,0.9413282,-12.4106,1.0,1.0,[],57,86S9HycM5KRq7lGeriiptmug2$w
8.6981,15.607,94.274,0.858445,N#Cc1coc(-c2cc3nc(-c4ccccc4)[nH]c(=O)c3cc2F)c1,1,[*]c1cc2nc(-c3ccccc3)[nH]c(=O)c2cc1F,*c1cc(C#N)co1,0.6044106,0.6044,1.0,0.0,0.940715,-12.401,1.0,1.0,[],110,jLA%kz2Uc19YBKVhy2aSdTNrZLY
15.3912,21.1709,89.1711,0.862047,CCCn1nc(-c2cc3nc(-c4ccccc4)[nH]c(=O)c3cc2F)o1,1,[*]c1cc2nc(-c3ccccc3)[nH]c(=O)c2cc1F,*c1nn(CCC)o1,0.6167102,0.6167,1.0,0.0,0.9403064,-12.3947,1.0,1.0,[],183,k4ifDKh%B0ukaQ3jrYKljVlyQ1o
6.3941,13.5976,97.8038,0.8703232,CCCNCCCc1cc2nc(-c3ccccc3)[nH]c(=O)c2cc1F,1,[*]c1cc2nc(-c3ccccc3)[nH]c(=O)c2cc1F,*CCCNCCC,0.6459656,0.646,1.0,0.0,0.9392569,-12.3786,1.0,1.0,[],20,HdX83fwsPPLC9IFzG2cjHsVf$DM
7.9073,7.9292,102.237,0.8606736,O=c1[nH]c(-c2ccccc2)nc2cc(-c3cnco3)c(F)cc12,1,[*]c1cc2nc(-c3ccccc3)[nH]c(=O)c2cc1F,*c1cnco1,0.615957,0.616,1.0,0.0,0.9384423,-12.3663,1.0,1.0,[],109,SYMqzNUAuGBFJkVt7TXOzWpe5Og
9.045,10.2256,99.722,0.8589658,Cc1cnc(-c2cc3nc(-c4ccccc4)[nH]c(=O)c3cc2F)o1,1,[*]c1cc2nc(-c3ccccc3)[nH]c(=O)c2cc1F,*c1ncc(C)o1,0.6109587,0.611,1.0,0.0,0.9381952,-12.3625,1.0,1.0,[],63,fRLo7bINcn%IdZK9VpLAeQDgVJ4
12.3568,16.4533,93.5387,0.8593123,O=c1[nH]c(-c2ccccc2)nc2cc(-c3cncc(CF)n3)c(F)cc12,1,[*]c1cc2nc(-c3ccccc3)[nH]c(=O)c2cc1F,*c1cncc(CF)n1,0.6120833,0.6121,1.0,0.0,0.9381875,-12.3624,1.0,1.0,[],149,mPr1ZRC2B90ckO3E05Z7vPO8lSo
14.8786,16.0558,97.3676,0.8861208,CC=C(C)CNc1cc2nc(-c3ccccc3)[nH]c(=O)c2cc1F,1,[*]c1cc2nc(-c3ccccc3)[nH]c(=O)c2cc1F,*NCC(C)=CC,0.7105276,0.7105,1.0,0.0,0.9347865,-12.3127,1.0,1.0,[],151,Jo8uLASdU1azaGMJB3u5kzKFZPs
9.2705,12.8268,96.4228,0.8535124,CN(C)Cc1cc(-c2cc3nc(-c4ccccc4)[nH]c(=O)c3cc2F)no1,1,[*]c1cc2nc(-c3ccccc3)[nH]c(=O)c2cc1F,*c1cc(CN(C)C)on1,0.6003089,0.6003,1.0,0.0,0.9347379,-12.3121,1.0,1.0,[],146,WSmJpSm%S$94cA%y$%nNimqTKuA
10.7386,13.1265,96.882,0.8594414,COc1cnc(-c2cc3nc(-c4ccccc4)[nH]c(=O)c3cc2F)o1,1,[*]c1cc2nc(-c3ccccc3)[nH]c(=O)c2cc1F,*c1ncc(OC)o1,0.6195954,0.6196,1.0,0.0,0.9345911,-12.31,1.0,1.0,[],261,uXiRH4p2atEbqSkoyFDWU40tHl8
9.8768,11.7335,2.7375,0.1130552,CC(N)CCNc1cc2nc(-c3ccccc3)[nH]c(=O)c2cc1F,1,[*]c1cc2nc(-c3ccccc3)[nH]c(=O)c2cc1F,*NCCC(C)N,0.673005,0.673,0.0,1.0,0.9345369,-12.3092,1.0,1.0,[],19,in5UKblizMEJfiC2pKX53JcgG84
15.948,22.8738,86.6081,0.8553277,O=c1[nH]c(-c2ccccc2)nc2cc(-c3nncc(F)n3)c(F)cc12,1,[*]c1cc2nc(-c3ccccc3)[nH]c(=O)c2cc1F,*c1nc(F)cnn1,0.6078579,0.6079,1.0,0.0,0.9338234,-12.2991,1.0,1.0,[],142,g5FOtXRef160u0$hHofkSNIHxZ8
12.2266,14.1622,95.0054,0.8528719,CCOc1cc(-c2cc3nc(-c4ccccc4)[nH]c(=O)c3cc2F)ncn1,1,[*]c1cc2nc(-c3ccccc3)[nH]c(=O)c2cc1F,*c1cc(OCC)ncn1,0.6000487,0.6,1.0,0.0,0.9338208,-12.2991,1.0,1.0,[],265,kE0qzyFywWVTyDP4VLhBtZD9PlE
7.4522,8.4926,101.2704,0.857523,O=c1[nH]c(-c2ccccc2)nc2cc(-c3ncccn3)c(F)cc12,1,[*]c1cc2nc(-c3ccccc3)[nH]c(=O)c2cc1F,*c1ncccn1,0.61596,0.616,1.0,0.0,0.9332926,-12.2917,1.0,1.0,[],38,xnBaWA8M9XnncU2TEDQNU%rvtoM
12.09,11.5702,103.8942,0.9020659,CC(C)(C#N)Nc1cc2nc(-c3ccccc3)[nH]c(=O)c2cc1F,1,[*]c1cc2nc(-c3ccccc3)[nH]c(=O)c2cc1F,*NC(C)(C)C#N,0.7736701,0.7737,1.0,0.0,0.933266,-12.2913,1.0,1.0,[],2,3w2rmmlN9oU5nely0z1hJ$Lqycw
10.1623,20.4394,88.7132,0.8527548,CCCc1cnc(-c2cc3nc(-c4ccccc4)[nH]c(=O)c3cc2F)nn1,1,[*]c1cc2nc(-c3ccccc3)[nH]c(=O)c2cc1F,*c1nnc(CCC)cn1,0.6009819,0.601,1.0,0.0,0.933145,-12.2896,1.0,1.0,[],107,2KLvUpDGRpQnVxyU9CAV8LOhcSY
10.5124,14.4141,95.1884,0.8562699,CN(C)c1cc(-c2cc3nc(-c4ccccc4)[nH]c(=O)c3cc2F)no1,1,[*]c1cc2nc(-c3ccccc3)[nH]c(=O)c2cc1F,*c1cc(N(C)C)on1,0.6124457,0.6124,1.0,0.0,0.9330254,-12.288,1.0,1.0,[],98,9PGBQw3$EKtjAid4UQLKS8f8nBQ
10.5363,16.1397,93.0262,0.8528592,N#CCc1ccc(-c2cc3nc(-c4ccccc4)[nH]c(=O)c3cc2F)nn1,1,[*]c1cc2nc(-c3ccccc3)[nH]c(=O)c2cc1F,*c1ccc(CC#N)nn1,0.6071327,0.6071,1.0,0.0,0.9301538,-12.2488,1.0,1.0,[],173,PyKJq9CsYYWfm3Z8kvnZZNgRU0U
9.1681,14.7517,94.2518,0.8515901,N#CCCn1ccc(-c2cc3nc(-c4ccccc4)[nH]c(=O)c3cc2F)n1,1,[*]c1cc2nc(-c3ccccc3)[nH]c(=O)c2cc1F,*c1ccn(CCC#N)n1,0.6039559,0.604,1.0,0.0,0.9297029,-12.2428,1.0,1.0,[],108,tgMIsWtWhBF1kXAUWLgAX6HwY6s
11.7335,17.1393,92.0387,0.8529528,C/C=C/c1nc(-c2cc3nc(-c4ccccc4)[nH]c(=O)c3cc2F)no1,1,[*]c1cc2nc(-c3ccccc3)[nH]c(=O)c2cc1F,*c1noc(/C=C/C)n1,0.6084015,0.6084,1.0,0.0,0.9296598,-12.2422,1.0,1.0,[],125,0UX2EnyxXQExS5QUySMf4XulcEM
10.7274,15.5487,93.967,0.8555913,COc1nc(-c2cc3nc(-c4ccccc4)[nH]c(=O)c3cc2F)no1,1,[*]c1cc2nc(-c3ccccc3)[nH]c(=O)c2cc1F,*c1noc(OC)n1,0.6171934,0.6172,1.0,0.0,0.9295207,-12.2404,1.0,1.0,[],218,lFLeNnYx7$jEBAr5KIhNd7ttqbM
9.898,16.2834,92.7934,0.8521621,CCOc1nc(-c2cc3nc(-c4ccccc4)[nH]c(=O)c3cc2F)no1,1,[*]c1cc2nc(-c3ccccc3)[nH]c(=O)c2cc1F,*c1noc(OCC)n1,0.6061669,0.6062,1.0,0.0,0.9295068,-12.2402,1.0,1.0,[],202,eNIXM3l8BaiWcj9Ct1kPQzgfQi4
9.7866,10.9397,100.6028,0.8714255,COCCOCCc1cc2nc(-c3ccccc3)[nH]c(=O)c2cc1F,1,[*]c1cc2nc(-c3ccccc3)[nH]c(=O)c2cc1F,*CCOCCOC,0.6706892,0.6707,1.0,0.0,0.9293336,-12.2379,1.0,1.0,[],132,jp7KGsFtXhZ$QxAvA2zf0tJd2Ec
9.3961,9.3687,99.8164,0.8530093,O=c1[nH]c(-c2ccccc2)nc2cc(-c3cscn3)c(F)cc12,1,[*]c1cc2nc(-c3ccccc3)[nH]c(=O)c2cc1F,*c1cscn1,0.6093428,0.6093,1.0,0.0,0.9292732,-12.2371,1.0,1.0,[],111,e$dgV1o2RXcm5QLgMW$D9BxSnmw
6.4786,15.7253,93.1583,0.8506525,COCc1ccnc(-c2cc3nc(-c4ccccc4)[nH]c(=O)c3cc2F)n1,1,[*]c1cc2nc(-c3ccccc3)[nH]c(=O)c2cc1F,*c1nccc(COC)n1,0.6022166,0.6022,1.0,0.0,0.9290605,-12.2343,1.0,1.0,[],62,YTRgW2ZON82Dd548Us6F60mE4VU
7.3341,8.1623,101.7451,0.8586514,O=c1[nH]c(-c2ccccc2)nc2cc(Cn3cncn3)c(F)cc12,1,[*]c1cc2nc(-c3ccccc3)[nH]c(=O)c2cc1F,*Cn1cncn1,0.6283309,0.6283,1.0,0.0,0.9289575,-12.233,1.0,1.0,[],5,2Nv2rtqn93Nb$LTZBKN%hiykShI
11.014,12.0705,97.3047,0.8544939,O=c1[nH]c(-c2ccccc2)nc2cc(-c3cnon3)c(F)cc12,1,[*]c1cc2nc(-c3ccccc3)[nH]c(=O)c2cc1F,*c1cnon1,0.6152444,0.6152,1.0,0.0,0.9287117,-12.2297,1.0,1.0,[],35,SVufAPMb1ilg6$LG$sF2xDdHovg
11.7647,20.5869,88.1498,0.8495055,Cc1oc(CC#N)nc1-c1cc2nc(-c3ccccc3)[nH]c(=O)c2cc1F,1,[*]c1cc2nc(-c3ccccc3)[nH]c(=O)c2cc1F,*c1nc(CC#N)oc1C,0.6000573,0.6001,1.0,0.0,0.9282929,-12.2242,1.0,1.0,[],165,i0EHG9yxvx7z%ko0DPJZo56wGPU
7.5923,11.0004,97.7912,0.8499338,Cc1ccnc(-c2cc3nc(-c4ccccc4)[nH]c(=O)c3cc2F)c1,1,[*]c1cc2nc(-c3ccccc3)[nH]c(=O)c2cc1F,*c1cc(C)ccn1,0.6014686,0.6015,1.0,0.0,0.9282678,-12.2239,1.0,1.0,[],102,3MHN32dLfviogDMivY671Yj$Fpk
6.7789,12.2186,96.8381,0.8520057,CCc1nnc(-c2cc3nc(-c4ccccc4)[nH]c(=O)c3cc2F)s1,1,[*]c1cc2nc(-c3ccccc3)[nH]c(=O)c2cc1F,*c1nnc(CC)s1,0.6085094,0.6085,1.0,0.0,0.9280571,-12.2212,1.0,1.0,[],106,GfoItElJK4NH2QYAZ8PlmaR8OmI
7.7766,14.2208,94.955,0.8529361,CN(C)c1cc(-c2cc3nc(-c4ccccc4)[nH]c(=O)c3cc2F)on1,1,[*]c1cc2nc(-c3ccccc3)[nH]c(=O)c2cc1F,*c1cc(N(C)C)no1,0.6124457,0.6124,1.0,0.0,0.9275818,-12.215,1.0,1.0,[],104,N9KxyyAE5%Kfkp4LuL5iR%6FKjQ
8.5122,12.3361,96.4821,0.8501417,N#CCCn1cc(-c2cc3nc(-c4ccccc4)[nH]c(=O)c3cc2F)cn1,1,[*]c1cc2nc(-c3ccccc3)[nH]c(=O)c2cc1F,*c1cnn(CCC#N)c1,0.6039559,0.604,1.0,0.0,0.927332,-12.2118,1.0,1.0,[],149,$kgU8CjCXllNdkAGfGam67HJGgQ
8.1187,15.2688,93.9253,0.8530789,C=Cc1cnc(-c2cc3nc(-c4ccccc4)[nH]c(=O)c3cc2F)o1,1,[*]c1cc2nc(-c3ccccc3)[nH]c(=O)c2cc1F,*c1ncc(C=C)o1,0.6143301,0.6143,1.0,0.0,0.9268652,-12.2058,1.0,1.0,[],170,oP76ATOThB8TWli2xeZ71$$KBmg
7.1715,11.644,97.1945,0.8503008,CC(C)c1nnc(-c2cc3nc(-c4ccccc4)[nH]c(=O)c3cc2F)o1,1,[*]c1cc2nc(-c3ccccc3)[nH]c(=O)c2cc1F,*c1nnc(C(C)C)o1,0.6055581,0.6056,1.0,0.0,0.9267736,-12.2046,1.0,1.0,[],8,ezvO$BM47dfr2y0iUCiYii9Hsxo
11.8884,9.1527,103.7733,0.8822344,O=c1[nH]c(-c2ccccc2)nc2cc(NCC3CCCCC3)c(F)cc12,1,[*]c1cc2nc(-c3ccccc3)[nH]c(=O)c2cc1F,*NCC1CCCCC1,0.7148524,0.7149,1.0,0.0,0.9267669,-12.2045,1.0,1.0,[],23,aYe1937G7zDpoUtxQ9NeN3kY7hs
6.3418,7.2736,101.6834,0.8512264,O=c1[nH]c(-c2ccccc2)nc2cc(-c3ccco3)c(F)cc12,1,[*]c1cc2nc(-c3ccccc3)[nH]c(=O)c2cc1F,*c1ccco1,0.6089431,0.6089,1.0,0.0,0.9265639,-12.2019,1.0,1.0,[],4,oZuxlkgulVB7hYwmNGIT3K$Rqqo
10.054,16.3467,92.7649,0.8524344,C=Cc1cc(-c2cc3nc(-c4ccccc4)[nH]c(=O)c3cc2F)ncn1,1,[*]c1cc2nc(-c3ccccc3)[nH]c(=O)c2cc1F,*c1cc(C=C)ncn1,0.613027,0.613,1.0,0.0,0.9264704,-12.2007,1.0,1.0,[],167,4sNBSIlz4tmTMEDFaLDOF5SIBqY
5.0584,12.5218,96.0759,0.8484194,Cc1nc(-c2cc3nc(-c4ccccc4)[nH]c(=O)c3cc2F)oc1C,1,[*]c1cc2nc(-c3ccccc3)[nH]c(=O)c2cc1F,*c1nc(C)c(C)o1,0.6008357,0.6008,1.0,0.0,0.926113,-12.1962,1.0,1.0,[],105,n7SFve6mxWaj5GC%QqAelkBhTBU
8.4861,12.4701,99.2996,0.8732004,CCNCCCc1cc2nc(-c3ccccc3)[nH]c(=O)c2cc1F,1,[*]c1cc2nc(-c3ccccc3)[nH]c(=O)c2cc1F,*CCCNCC,0.6839608,0.684,1.0,0.0,0.9261056,-12.1961,1.0,1.0,[],16,V9yYptk4Mafd7GxdJkrYEaUmAQI
10.2342,15.5462,93.0363,0.8483009,COCc1coc(-c2cc3nc(-c4ccccc4)[nH]c(=O)c3cc2F)c1,1,[*]c1cc2nc(-c3ccccc3)[nH]c(=O)c2cc1F,*c1cc(COC)co1,0.6006664,0.6007,1.0,0.0,0.926006,-12.1948,1.0,1.0,[],156,N2PJnmfTf8xsFvGnQPS%i2OAgyg
8.8946,19.0021,89.557,0.8481179,Cc1oc(-c2cc3nc(-c4ccccc4)[nH]c(=O)c3cc2F)nc1CF,1,[*]c1cc2nc(-c3ccccc3)[nH]c(=O)c2cc1F,*c1nc(CF)c(C)o1,0.6001823,0.6002,1.0,0.0,0.9259552,-12.1942,1.0,1.0,[],104,ibev1ex5OGEuzYFaiMLK6tylQoI
6.4266,6.8842,102.0997,0.8514363,O=c1[nH]c(-c2ccccc2)nc2cc(-c3ccccn3)c(F)cc12,1,[*]c1cc2nc(-c3ccccc3)[nH]c(=O)c2cc1F,*c1ccccn1,0.6117138,0.6117,1.0,0.0,0.9255051,-12.1885,1.0,1.0,[],9,FvFlxqQj%oBm9SCrX2MPgi1wupY
17.0112,17.0461,-2.9916,0.1098012,O=C(CCCc1cc2nc(-c3ccccc3)[nH]c(=O)c2cc1F)NC1CCS(=O)(=O)C1,1,[*]c1cc2nc(-c3ccccc3)[nH]c(=O)c2cc1F,*CCCC(=O)NC1CCS(=O)(=O)C1,0.6079473,0.6079,0.0,1.0,0.9253134,-12.1861,1.0,1.0,[],276,fwKT2p9GrTtzRBKmEWszpf3BN0I
9.4992,10.2977,98.5412,0.8503042,Cc1nccc(-c2cc3nc(-c4ccccc4)[nH]c(=O)c3cc2F)n1,1,[*]c1cc2nc(-c3ccccc3)[nH]c(=O)c2cc1F,*c1ccnc(C)n1,0.609757,0.6098,1.0,0.0,0.9246468,-12.1777,1.0,1.0,[],111,%FlX5ktOTSPw9zucw9myfOimrSk
11.0086,15.4585,93.4611,0.8509343,N#Cc1ccc(Cc2cc3nc(-c4ccccc4)[nH]c(=O)c3cc2F)o1,1,[*]c1cc2nc(-c3ccccc3)[nH]c(=O)c2cc1F,*Cc1ccc(C#N)o1,0.6123456,0.6123,1.0,0.0,0.9243685,-12.1743,1.0,1.0,[],171,KdiUK9H7VPyY7L9WvSgU3yr7qe8
11.7024,16.1644,92.3298,0.8476107,COCc1ccc(-c2cc3nc(-c4ccccc4)[nH]c(=O)c3cc2F)nn1,1,[*]c1cc2nc(-c3ccccc3)[nH]c(=O)c2cc1F,*c1ccc(COC)nn1,0.6022166,0.6022,1.0,0.0,0.9240818,-12.1707,1.0,1.0,[],154,BhXwSgQwY4kgIO8h7lQvlrUYEXc
9.3561,14.9378,93.9767,0.8508943,CCc1cnnc(-c2cc3nc(-c4ccccc4)[nH]c(=O)c3cc2F)c1,1,[*]c1cc2nc(-c3ccccc3)[nH]c(=O)c2cc1F,*c1cc(CC)cnn1,0.6131839,0.6132,1.0,0.0,0.923882,-12.1683,1.0,1.0,[],124,4IdlKJP3fd05Yi0nO7enXiEjZCY
12.2665,13.4308,95.6675,0.8523308,O=c1[nH]c(-c2ccccc2)nc2cc(CCc3nnco3)c(F)cc12,1,[*]c1cc2nc(-c3ccccc3)[nH]c(=O)c2cc1F,*CCc1nnco1,0.6192723,0.6193,1.0,0.0,0.9231772,-12.1596,1.0,1.0,[],21,5BMGNuli2r$WCVjOf99imOHSYI0
9.8439,16.9797,91.6295,0.8485093,N#CCc1cnc(-c2cc3nc(-c4ccccc4)[nH]c(=O)c3cc2F)cn1,1,[*]c1cc2nc(-c3ccccc3)[nH]c(=O)c2cc1F,*c1cnc(CC#N)cn1,0.6071327,0.6071,1.0,0.0,0.9230468,-12.158,1.0,1.0,[],119,qS5ypy62QRTr%uf$UJxmeiYcvuU
12.9218,15.2756,93.5209,0.8499723,O=c1[nH]c(-c2ccccc2)nc2cc(-c3cc(F)no3)c(F)cc12,1,[*]c1cc2nc(-c3ccccc3)[nH]c(=O)c2cc1F,*c1cc(F)no1,0.6118937,0.6119,1.0,0.0,0.9230287,-12.1578,1.0,1.0,[],204,KxZqNfL$Ciw4kZWBqX7hZ57ZDog
10.7607,14.4264,94.2645,0.8491479,Cc1nncc(-c2cc3nc(-c4ccccc4)[nH]c(=O)c3cc2F)n1,1,[*]c1cc2nc(-c3ccccc3)[nH]c(=O)c2cc1F,*c1cnnc(C)n1,0.6095862,0.6096,1.0,0.0,0.9228476,-12.1556,1.0,1.0,[],166,KEaabJk%vhFItGaxxo3lA%TTzsg
8.2796,13.5979,94.8276,0.8470738,O=c1[nH]c(-c2ccccc2)nc2cc(-c3nc(Cl)no3)c(F)cc12,1,[*]c1cc2nc(-c3ccccc3)[nH]c(=O)c2cc1F,*c1nc(Cl)no1,0.6029284,0.6029,1.0,0.0,0.9228404,-12.1555,1.0,1.0,[],253,Mspchjaa814KzuBOpQRdfu82Rco
13.6145,14.1656,0.1865,0.1121257,O=c1[nH]c(-c2ccccc2)nc2cc(NC[C@@H]3CCCN4CCCC[C@H]34)c(F)cc12,1,[*]c1cc2nc(-c3ccccc3)[nH]c(=O)c2cc1F,*NC[C@@H]1CCCN2CCCC[C@H]12,0.6739905,0.674,0.0,2.0,0.9225855,-12.1524,1.0,1.0,[],4,ZqVab3URmuGRfaG8EeOjJRmAr94
8.8821,20.3319,88.0303,0.8465793,N#CCc1nncc(-c2cc3nc(-c4ccccc4)[nH]c(=O)c3cc2F)n1,1,[*]c1cc2nc(-c3ccccc3)[nH]c(=O)c2cc1F,*c1cnnc(CC#N)n1,0.6030234,0.603,1.0,0.0,0.921984,-12.1451,1.0,1.0,[],171,Wn2BdnObpNtR%LP6GpmIwPCCeoI
9.1702,9.73,102.1949,0.8744137,CCN(CC)CCCc1cc2nc(-c3ccccc3)[nH]c(=O)c2cc1F,1,[*]c1cc2nc(-c3ccccc3)[nH]c(=O)c2cc1F,*CCCN(CC)CC,0.6982699,0.6983,1.0,0.0,0.9216535,-12.1411,1.0,1.0,[],183,C6aIz6x6BhjWJN1KXjvlIBUek$s
9.491,9.6568,99.1906,0.8503707,O=c1[nH]c(-c2ccccc2)nc2cc(-c3cccnn3)c(F)cc12,1,[*]c1cc2nc(-c3ccccc3)[nH]c(=O)c2cc1F,*c1cccnn1,0.61596,0.616,1.0,0.0,0.9216406,-12.1409,1.0,1.0,[],88,3RU9evpmMbALm9BQ130dEOn7OjU
8.7672,8.4477,105.897,0.893318,CC(C)CNc1cc2nc(-c3ccccc3)[nH]c(=O)c2cc1F,1,[*]c1cc2nc(-c3ccccc3)[nH]c(=O)c2cc1F,*NCC(C)C,0.770337,0.7703,1.0,0.0,0.9210478,-12.1338,1.0,1.0,[],3,s4B9o5v$TwRAV6khJeOM07kv2j0
10.2921,13.3474,96.4507,0.8577981,CCCCN(C)CCCc1cc2nc(-c3ccccc3)[nH]c(=O)c2cc1F,1,[*]c1cc2nc(-c3ccccc3)[nH]c(=O)c2cc1F,*CCCN(C)CCCC,0.6421542,0.6422,1.0,0.0,0.9208689,-12.1317,1.0,1.0,[],196,%lPaDKG7Qx5zUebScMMC%oEDl8Y
10.4695,10.2392,103.3244,0.8872153,N#CCCCc1cc2nc(-c3ccccc3)[nH]c(=O)c2cc1F,1,[*]c1cc2nc(-c3ccccc3)[nH]c(=O)c2cc1F,*CCCC#N,0.7490026,0.749,1.0,0.0,0.9202005,-12.1238,1.0,1.0,[],23,BuP0nH731eHjwhh8DaxH%1DufTQ
10.8623,15.2625,93.253,0.8477772,COc1nncc(-c2cc3nc(-c4ccccc4)[nH]c(=O)c3cc2F)n1,1,[*]c1cc2nc(-c3ccccc3)[nH]c(=O)c2cc1F,*c1cnnc(OC)n1,0.6109361,0.6109,1.0,0.0,0.9199355,-12.1206,1.0,1.0,[],102,cdL3hVC%bVWpHCGNXWAGa$CVQSg
9.1336,14.6044,93.5941,0.8453003,N#CCc1cncc(-c2cc3nc(-c4ccccc4)[nH]c(=O)c3cc2F)c1,1,[*]c1cc2nc(-c3ccccc3)[nH]c(=O)c2cc1F,*c1cncc(CC#N)c1,0.6042141,0.6042,1.0,0.0,0.9192908,-12.1131,1.0,1.0,[],113,O5zWKofu2s2lLmVBtHzg%OzD7mM
10.5911,10.0366,98.3252,0.8465764,O=c1[nH]c(-c2ccccc2)nc2cc(-c3ncc(F)cn3)c(F)cc12,1,[*]c1cc2nc(-c3ccccc3)[nH]c(=O)c2cc1F,*c1ncc(F)cn1,0.6094152,0.6094,1.0,0.0,0.9187446,-12.1067,1.0,1.0,[],141,7L80eIAtc7hNyp$C%3TF2CRXE14
8.6365,18.3996,89.6333,0.8440068,CN(C)c1cnnc(-c2cc3nc(-c4ccccc4)[nH]c(=O)c3cc2F)n1,1,[*]c1cc2nc(-c3ccccc3)[nH]c(=O)c2cc1F,*c1nncc(N(C)C)n1,0.6028045,0.6028,1.0,0.0,0.917896,-12.0969,1.0,1.0,[],100,reaOGPH7H4RypO0HmaHQZ%vCqGs
13.7112,16.5862,91.4155,0.8437626,O=c1[nH]c(-c2ccccc2)nc2cc(CCCN(CCF)CCF)c(F)cc12,1,[*]c1cc2nc(-c3ccccc3)[nH]c(=O)c2cc1F,*CCCN(CCF)CCF,0.6038528,0.6039,1.0,0.0,0.9169663,-12.0862,1.0,1.0,[],203,PfDOgtivtxkAOSoOs$tbN2y1QUQ
6.8436,11.8807,96.1979,0.8443645,CN(C)c1ccc(-c2cc3nc(-c4ccccc4)[nH]c(=O)c3cc2F)nn1,1,[*]c1cc2nc(-c3ccccc3)[nH]c(=O)c2cc1F,*c1ccc(N(C)C)nn1,0.6062387,0.6062,1.0,0.0,0.9167419,-12.0836,1.0,1.0,[],84,dR1zWMUYkhQtjQ%nBBlP9c21bEg
11.0124,27.2809,80.6227,0.8429968,COCc1cc(-c2cc3nc(-c4ccccc4)[nH]c(=O)c3cc2F)ncn1,1,[*]c1cc2nc(-c3ccccc3)[nH]c(=O)c2cc1F,*c1ncnc(COC)c1,0.6022166,0.6022,1.0,0.0,0.9165468,-12.0814,1.0,1.0,[],55,rrYx3OdiXik0jEH7GUj9U0iUBDw
6.6071,13.4476,94.3408,0.8420966,CCOc1ccnc(-c2cc3nc(-c4ccccc4)[nH]c(=O)c3cc2F)n1,1,[*]c1cc2nc(-c3ccccc3)[nH]c(=O)c2cc1F,*c1nccc(OCC)n1,0.6000487,0.6,1.0,0.0,0.9161797,-12.0773,1.0,1.0,[],63,K4OygKGgtpjXkYJBRBRbTrtjMt4
9.3204,16.3321,91.8035,0.84481,O=c1[nH]c(-c2ccccc2)nc2cc(-c3ccoc3)c(F)cc12,1,[*]c1cc2nc(-c3ccccc3)[nH]c(=O)c2cc1F,*c1cocc1,0.6089431,0.6089,1.0,0.0,0.9161073,-12.0764,1.0,1.0,[],255,x1uQ56OUUJPR3YPbJMORkW9LtAg
8.2369,10.659,101.2783,0.8745105,CNCCCc1cc2nc(-c3ccccc3)[nH]c(=O)c2cc1F,1,[*]c1cc2nc(-c3ccccc3)[nH]c(=O)c2cc1F,*CCCNC,0.7124086,0.7124,1.0,0.0,0.9156676,-12.0715,1.0,1.0,[],15,elb%aYEBVWARBCS5FI0qGF7d4gU
9.6281,10.8677,101.0547,0.874394,CCNCCc1cc2nc(-c3ccccc3)[nH]c(=O)c2cc1F,1,[*]c1cc2nc(-c3ccccc3)[nH]c(=O)c2cc1F,*CCNCC,0.7124086,0.7124,1.0,0.0,0.9154847,-12.0694,1.0,1.0,[],7,Zrowsnipy1u5%IgOXW3lfgkNdkg
9.5062,11.7199,96.5316,0.8457147,O=c1[nH]c(-c2ccccc2)nc2cc(-c3nncs3)c(F)cc12,1,[*]c1cc2nc(-c3ccccc3)[nH]c(=O)c2cc1F,*c1nncs1,0.6142368,0.6142,1.0,0.0,0.9149356,-12.0633,1.0,1.0,[],110,eZEhCS7hg%3HQOu7cLD4LRS%GVQ
10.4944,12.6887,95.4282,0.8446636,Cc1noc(CCc2cc3nc(-c4ccccc4)[nH]c(=O)c3cc2F)n1,1,[*]c1cc2nc(-c3ccccc3)[nH]c(=O)c2cc1F,*CCc1nc(C)no1,0.6108338,0.6108,1.0,0.0,0.9149233,-12.0631,1.0,1.0,[],148,ywo$2%k$qAI7pDMIOQPMWma9mZU
6.2855,6.7115,107.695,0.893801,CCCCc1cc2nc(-c3ccccc3)[nH]c(=O)c2cc1F,1,[*]c1cc2nc(-c3ccccc3)[nH]c(=O)c2cc1F,*CCCC,0.7884433,0.7884,1.0,0.0,0.914684,-12.0605,1.0,1.0,[],2,ahH3ggMnIKhmNvoG9mEY$%oizBI
9.5237,11.2903,100.199,0.8710104,CC(=O)NCCCc1cc2nc(-c3ccccc3)[nH]c(=O)c2cc1F,1,[*]c1cc2nc(-c3ccccc3)[nH]c(=O)c2cc1F,*CCCNC(C)=O,0.7020418,0.702,1.0,0.0,0.914634,-12.0599,1.0,1.0,[],145,aT4kU511%4BOq1rP5ddiK37We%4
15.9271,13.9955,-0.0708,0.1087869,CCCCC(CO)Nc1cc2nc(-c3ccccc3)[nH]c(=O)c2cc1F,1,[*]c1cc2nc(-c3ccccc3)[nH]c(=O)c2cc1F,*NC(CO)CCCC,0.6039173,0.6039,0.0,1.0,0.9145466,-12.059,1.0,1.0,[],125,sGNTU$v982$IsiC3LhmpCYRFS%g
11.6008,16.4943,91.6337,0.8447497,O=c1[nH]c(-c2ccccc2)nc2cc(-c3cnnc(CF)c3)c(F)cc12,1,[*]c1cc2nc(-c3ccccc3)[nH]c(=O)c2cc1F,*c1cnnc(CF)c1,0.6120833,0.6121,1.0,0.0,0.9144401,-12.0578,1.0,1.0,[],171,mKw8n0VUbgoRXwKcINNz5koJHGg
9.3219,10.2617,101.5866,0.8738149,O=c1[nH]c(-c2ccccc2)nc2cc(CCCBr)c(F)cc12,1,[*]c1cc2nc(-c3ccccc3)[nH]c(=O)c2cc1F,*CCCBr,0.712782,0.7128,1.0,0.0,0.9144155,-12.0575,1.0,1.0,[],2,559kRtMIJiMq9XeK5RqhhNpXjCk
11.0104,8.5113,104.085,0.8796581,COCCCc1cc2nc(-c3ccccc3)[nH]c(=O)c2cc1F,1,[*]c1cc2nc(-c3ccccc3)[nH]c(=O)c2cc1F,*CCCOC,0.7354236,0.7354,1.0,0.0,0.9140255,-12.0532,1.0,1.0,[],23,gLi8ZWGtRlyxn$OSVBAafN0$q%s
9.7416,16.6613,91.5201,0.8451669,N#Cc1cc(Cc2cc3nc(-c4ccccc4)[nH]c(=O)c3cc2F)no1,1,[*]c1cc2nc(-c3ccccc3)[nH]c(=O)c2cc1F,*Cc1cc(C#N)on1,0.6145334,0.6145,1.0,0.0,0.9138998,-12.0518,1.0,1.0,[],138,nUbsM5HyF4KCn24iPhp1mUw0WUI
8.3823,8.7921,105.1341,0.8900484,NCCCc1cc2nc(-c3ccccc3)[nH]c(=O)c2cc1F,1,[*]c1cc2nc(-c3ccccc3)[nH]c(=O)c2cc1F,*CCCN,0.7772923,0.7773,1.0,0.0,0.9132555,-12.0447,1.0,1.0,[],197,Fq8g7gJU9YQIVlqcF9$LRfOy1Fg
8.4875,10.9219,96.8507,0.8419734,CC(C)c1noc(-c2cc3nc(-c4ccccc4)[nH]c(=O)c3cc2F)n1,1,[*]c1cc2nc(-c3ccccc3)[nH]c(=O)c2cc1F,*c1nc(C(C)C)no1,0.6055581,0.6056,1.0,0.0,0.9131924,-12.044,1.0,1.0,[],24,3qKYYyBtoBrrDjLUha0rJgwb1yk
7.6215,12.3729,95.6635,0.8440346,CCc1nccc(-c2cc3nc(-c4ccccc4)[nH]c(=O)c3cc2F)n1,1,[*]c1cc2nc(-c3ccccc3)[nH]c(=O)c2cc1F,*c1ccnc(CC)n1,0.6131839,0.6132,1.0,0.0,0.9127324,-12.039,1.0,1.0,[],106,Mxb3kAPU0JjQFYh145BlfN4YvmU
14.1481,11.5261,95.9828,0.8399134,NCc1ccc(-c2cc3nc(-c4ccccc4)[nH]c(=O)c3cc2F)o1,1,[*]c1cc2nc(-c3ccccc3)[nH]c(=O)c2cc1F,*c1ccc(CN)o1,0.6004013,0.6004,1.0,0.0,0.9124405,-12.0358,1.0,1.0,[],283,wfF3ZY9imcUXAOFx54R2AM4AwyQ
13.2717,13.2379,1.2557,0.1132317,O=c1[nH]c(-c2ccccc2)nc2cc(NC3CCN4CCCCC34)c(F)cc12,1,[*]c1cc2nc(-c3ccccc3)[nH]c(=O)c2cc1F,*NC1CCN2CCCCC12,0.7284082,0.7284,0.0,2.0,0.9123478,-12.0348,1.0,1.0,[],3,6N$SudbfDTRNl2RTw%NyhFqOzC4
6.6191,10.846,97.1975,0.8440895,Cn1cnc(-c2cc3nc(-c4ccccc4)[nH]c(=O)c3cc2F)n1,1,[*]c1cc2nc(-c3ccccc3)[nH]c(=O)c2cc1F,*c1ncn(C)n1,0.6153359,0.6153,1.0,0.0,0.9117561,-12.0284,1.0,1.0,[],104,XwYPVXr66xVUrIW8mYvc2CTi$Oo
7.2863,13.3902,94.528,0.843111,CCc1ccnc(-c2cc3nc(-c4ccccc4)[nH]c(=O)c3cc2F)n1,1,[*]c1cc2nc(-c3ccccc3)[nH]c(=O)c2cc1F,*c1nccc(CC)n1,0.6131839,0.6132,1.0,0.0,0.9112347,-12.0228,1.0,1.0,[],62,ioJfDLv6xmPtdeYNnFLoTibDiD4
7.4013,13.5458,94.3614,0.8430251,CCc1cncc(-c2cc3nc(-c4ccccc4)[nH]c(=O)c3cc2F)n1,1,[*]c1cc2nc(-c3ccccc3)[nH]c(=O)c2cc1F,*c1cncc(CC)n1,0.6131839,0.6132,1.0,0.0,0.9110953,-12.0213,1.0,1.0,[],105,QU5F4rzkqtb82$912W0%0WwKcWw
13.0164,9.9097,103.0659,0.8826218,O=c1[nH]c(-c2ccccc2)nc2cc(CCC3CCNCC3)c(F)cc12,1,[*]c1cc2nc(-c3ccccc3)[nH]c(=O)c2cc1F,*CCC1CCNCC1,0.7541076,0.7541,1.0,0.0,0.9109982,-12.0202,1.0,1.0,[],121,0zTZeoB0XfLAcjqCZE6XJWzlN6E
10.6194,14.0308,93.3874,0.8392048,O=c1[nH]c(-c2ccccc2)nc2cc(-c3ncccc3CF)c(F)cc12,1,[*]c1cc2nc(-c3ccccc3)[nH]c(=O)c2cc1F,*c1ncccc1CF,0.6011271,0.6011,1.0,0.0,0.9109192,-12.0194,1.0,1.0,[],153,vJdAZh7nwMKrs0KFOdAyI2YD$QA
9.2183,13.5236,94.2422,0.8419205,CCn1nc(-c2cc3nc(-c4ccccc4)[nH]c(=O)c3cc2F)cc1C,1,[*]c1cc2nc(-c3ccccc3)[nH]c(=O)c2cc1F,*c1cc(C)n(CC)n1,0.6102251,0.6102,1.0,0.0,0.9107725,-12.0178,1.0,1.0,[],101,H1cge2D42iUjG908liK$P25kevc
5.4666,10.2377,97.5421,0.8420295,Cc1cc(-c2cc3nc(-c4ccccc4)[nH]c(=O)c3cc2F)no1,1,[*]c1cc2nc(-c3ccccc3)[nH]c(=O)c2cc1F,*c1cc(C)on1,0.6109587,0.611,1.0,0.0,0.9105847,-12.0158,1.0,1.0,[],104,t9WdeBx7e%l4fdcewhKI%JhvTnc
5.6364,12.551,95.3931,0.8433131,CCc1cc(-c2cc3nc(-c4ccccc4)[nH]c(=O)c3cc2F)on1,1,[*]c1cc2nc(-c3ccccc3)[nH]c(=O)c2cc1F,*c1cc(CC)no1,0.6152601,0.6153,1.0,0.0,0.9105358,-12.0153,1.0,1.0,[],107,Mo7toO%oKHOfSY1XiRuWQNDS$18
11.3377,13.4909,98.6964,0.8764632,C=CC(=O)CCc1cc2nc(-c3ccccc3)[nH]c(=O)c2cc1F,1,[*]c1cc2nc(-c3ccccc3)[nH]c(=O)c2cc1F,*CCC(=O)C=C,0.7321848,0.7322,1.0,0.0,0.9103889,-12.0137,1.0,1.0,[],179,x5QOJZCBGWRdfdZKkPj3hFQYKOE
12.7944,18.7921,88.7856,0.8404502,N#Cn1ncc(-c2cc3nc(-c4ccccc4)[nH]c(=O)c3cc2F)n1,1,[*]c1cc2nc(-c3ccccc3)[nH]c(=O)c2cc1F,*c1cnn(C#N)n1,0.6069619,0.607,1.0,0.0,0.9100128,-12.0097,1.0,1.0,[],133,YzUy6sCINV$m2zniJ7dIO5B2VLk
9.5355,11.1349,96.7041,0.8424924,O=c1[nH]c(-c2ccccc2)nc2cc(-c3cnsn3)c(F)cc12,1,[*]c1cc2nc(-c3ccccc3)[nH]c(=O)c2cc1F,*c1cnsn1,0.6142368,0.6142,1.0,0.0,0.9097115,-12.0065,1.0,1.0,[],117,AOCiW%FbzYhgbo4jb03XrmpZ98Q
8.8988,12.5696,95.7281,0.8460761,O=c1[nH]c(-c2ccccc2)nc2cc(Cc3nnco3)c(F)cc12,1,[*]c1cc2nc(-c3ccccc3)[nH]c(=O)c2cc1F,*Cc1nnco1,0.626681,0.6267,1.0,0.0,0.9094217,-12.0035,1.0,1.0,[],126,Ua9RPZIlIW66cqnR6FeKdAUpK6g
8.0878,9.195,98.7003,0.8429315,Cn1cnc(-c2cc3nc(-c4ccccc4)[nH]c(=O)c3cc2F)c1,1,[*]c1cc2nc(-c3ccccc3)[nH]c(=O)c2cc1F,*c1cn(C)cn1,0.6170095,0.617,1.0,0.0,0.909057,-11.9996,1.0,1.0,[],111,nTMh6Vqx2q0cg2E4Hipwme7Eol4
10.3668,12.9232,95.3234,0.8456763,COCCNC(=O)CCc1cc2nc(-c3ccccc3)[nH]c(=O)c2cc1F,1,[*]c1cc2nc(-c3ccccc3)[nH]c(=O)c2cc1F,*CCC(=O)NCCOC,0.6266994,0.6267,1.0,0.0,0.9087683,-11.9966,1.0,1.0,[],151,Fmy7JFcDgY94$R1EFp5YCXOLD%E
7.8133,12.4753,94.725,0.8375021,CCc1cccc(-c2cc3nc(-c4ccccc4)[nH]c(=O)c3cc2F)n1,1,[*]c1cc2nc(-c3ccccc3)[nH]c(=O)c2cc1F,*c1cccc(CC)n1,0.6002978,0.6003,1.0,0.0,0.9085664,-11.9945,1.0,1.0,[],108,SqqGZ40t5el9hSBuBdGItQv$lw0
9.1283,10.8998,100.0334,0.8666655,CCOCCCc1cc2nc(-c3ccccc3)[nH]c(=O)c2cc1F,1,[*]c1cc2nc(-c3ccccc3)[nH]c(=O)c2cc1F,*CCCOCC,0.7028214,0.7028,1.0,0.0,0.907463,-11.983,1.0,1.0,[],137,yhTTon7FD9ZMRhx5wFc9rdguOBw
7.8622,21.2074,86.1339,0.8386032,CCCc1nonc1-c1cc2nc(-c3ccccc3)[nH]c(=O)c2cc1F,1,[*]c1cc2nc(-c3ccccc3)[nH]c(=O)c2cc1F,*c1nonc1CCC,0.6060634,0.6061,1.0,0.0,0.9074626,-11.983,1.0,1.0,[],33,N1sxSFY4HEkiD3RN9QDeY%MnjsY
9.0156,17.3823,89.9153,0.8382628,CCOc1nocc1-c1cc2nc(-c3ccccc3)[nH]c(=O)c2cc1F,1,[*]c1cc2nc(-c3ccccc3)[nH]c(=O)c2cc1F,*c1conc1OCC,0.6050114,0.605,1.0,0.0,0.9074355,-11.9827,1.0,1.0,[],250,QlSeu5WfTLNr1efG2trRYhvo1kE
11.235,16.7216,92.1893,0.8508658,O=c1[nH]c(-c2ccccc2)nc2cc(CCCNCCF)c(F)cc12,1,[*]c1cc2nc(-c3ccccc3)[nH]c(=O)c2cc1F,*CCCNCCF,0.6477804,0.6478,1.0,0.0,0.9070871,-11.9791,1.0,1.0,[],149,7AYDpZQJVHlh9zZTg1wXxPsqhQ0
8.9954,16.648,90.4693,0.8368541,COc1nc(C)nc(-c2cc3nc(-c4ccccc4)[nH]c(=O)c3cc2F)n1,1,[*]c1cc2nc(-c3ccccc3)[nH]c(=O)c2cc1F,*c1nc(OC)nc(C)n1,0.6014883,0.6015,1.0,0.0,0.9069128,-11.9774,1.0,1.0,[],100,JL1yBC4e9fD%udA4Lmu9DZ5WGik
8.5103,16.6963,90.4119,0.836783,N#CCCn1ncc(-c2cc3nc(-c4ccccc4)[nH]c(=O)c3cc2F)n1,1,[*]c1cc2nc(-c3ccccc3)[nH]c(=O)c2cc1F,*c1cnn(CCC#N)n1,0.6030194,0.603,1.0,0.0,0.9060292,-11.9683,1.0,1.0,[],102,tkdzifKMvzMzsvWa7O$SKoWIarg
10.8436,13.4898,93.5256,0.8360583,O=c1[nH]c(-c2ccccc2)nc2cc(-c3cncc(CF)c3)c(F)cc12,1,[*]c1cc2nc(-c3ccccc3)[nH]c(=O)c2cc1F,*c1cncc(CF)c1,0.6011271,0.6011,1.0,0.0,0.9058008,-11.966,1.0,1.0,[],165,8qb4WxpAzhnDhc$H8oJUqdegQ18
9.3565,14.0854,92.9913,0.8365366,N#CCCn1cc(-c2cc3nc(-c4ccccc4)[nH]c(=O)c3cc2F)nn1,1,[*]c1cc2nc(-c3ccccc3)[nH]c(=O)c2cc1F,*c1cn(CCC#N)nn1,0.6030194,0.603,1.0,0.0,0.905629,-11.9642,1.0,1.0,[],91,N%8qBqw%815GoPEy96ogGV20jSY
9.4186,12.2294,100.1773,0.8781774,CCNC(=O)CCc1cc2nc(-c3ccccc3)[nH]c(=O)c2cc1F,1,[*]c1cc2nc(-c3ccccc3)[nH]c(=O)c2cc1F,*CCC(=O)NCC,0.7504773,0.7505,1.0,0.0,0.9055815,-11.9637,1.0,1.0,[],141,2r3FU9b7QTfA2TK5U8O8A7Vmgn0
11.4147,17.3603,89.8652,0.837699,N#Cc1ocnc1-c1cc2nc(-c3ccccc3)[nH]c(=O)c2cc1F,1,[*]c1cc2nc(-c3ccccc3)[nH]c(=O)c2cc1F,*c1ncoc1C#N,0.6076757,0.6077,1.0,0.0,0.9051934,-11.9598,1.0,1.0,[],63,TQkvsZENJJaMVvgZc8wtVvAt6KA
8.721,13.3714,93.6827,0.8363599,N#Cc1cncc(-c2cc3nc(-c4ccccc4)[nH]c(=O)c3cc2F)n1,1,[*]c1cc2nc(-c3ccccc3)[nH]c(=O)c2cc1F,*c1cncc(C#N)n1,0.60338,0.6034,1.0,0.0,0.9051617,-11.9595,1.0,1.0,[],135,c7DL5D8LTsFv9SMzInwUGmnKhCw
7.1894,8.9419,104.2822,0.8845627,CNCCc1cc2nc(-c3ccccc3)[nH]c(=O)c2cc1F,1,[*]c1cc2nc(-c3ccccc3)[nH]c(=O)c2cc1F,*CCNC,0.7776408,0.7776,1.0,0.0,0.9046903,-11.9547,1.0,1.0,[],4,DZAiVGoUULmZ3BNdYWwi8ja9%DY
8.5864,12.0272,95.3641,0.8389939,CCc1cnc(-c2cc3nc(-c4ccccc4)[nH]c(=O)c3cc2F)nc1,1,[*]c1cc2nc(-c3ccccc3)[nH]c(=O)c2cc1F,*c1ncc(CC)cn1,0.6131839,0.6132,1.0,0.0,0.9045681,-11.9535,1.0,1.0,[],58,5uwBMEdM1sfOQtRbJJ4aae5lqD0
11.5474,20.0275,87.2817,0.8383527,O=c1[nH]c(-c2ccccc2)nc2cc(-c3nnccc3CF)c(F)cc12,1,[*]c1cc2nc(-c3ccccc3)[nH]c(=O)c2cc1F,*c1nnccc1CF,0.6120833,0.6121,1.0,0.0,0.9040725,-11.9485,1.0,1.0,[],130,a5hXzjRrAyKb19$%axSLtBEKDVw
8.7587,8.3362,104.9924,0.8853797,CN(C)CCCc1cc2nc(-c3ccccc3)[nH]c(=O)c2cc1F,1,[*]c1cc2nc(-c3ccccc3)[nH]c(=O)c2cc1F,*CCCN(C)C,0.7834037,0.7834,1.0,0.0,0.903717,-11.945,1.0,1.0,[],139,iuD2YfeD95welxhALN$D1ojrpac
8.3668,8.8457,105.1933,0.8909291,N#CCCc1cc2nc(-c3ccccc3)[nH]c(=O)c2cc1F,1,[*]c1cc2nc(-c3ccccc3)[nH]c(=O)c2cc1F,*CCC#N,0.8059145,0.8059,1.0,0.0,0.903653,-11.9443,1.0,1.0,[],15,lsqYyx4iOhSlVPSn8UBzz0sMmFE
10.7509,10.7634,96.585,0.8386593,O=c1[nH]c(-c2ccccc2)nc2cc(-c3csnn3)c(F)cc12,1,[*]c1cc2nc(-c3ccccc3)[nH]c(=O)c2cc1F,*c1csnn1,0.6142368,0.6142,1.0,0.0,0.9035102,-11.9429,1.0,1.0,[],220,M$xxJbxh0bktL3swtbrt64987fI
9.5716,13.2926,99.622,0.8821452,O=C1CCCCN1CCc1cc2nc(-c3ccccc3)[nH]c(=O)c2cc1F,1,[*]c1cc2nc(-c3ccccc3)[nH]c(=O)c2cc1F,*CCN1CCCCC1=O,0.7715569,0.7716,1.0,0.0,0.9033461,-11.9413,1.0,1.0,[],138,snvIdoDSi881P%BLEDwdezmCq1w
11.6504,14.5211,92.2575,0.8342078,CCOc1cnc(-c2cc3nc(-c4ccccc4)[nH]c(=O)c3cc2F)cn1,1,[*]c1cc2nc(-c3ccccc3)[nH]c(=O)c2cc1F,*c1cnc(OCC)cn1,0.6000487,0.6,1.0,0.0,0.9033357,-11.9412,1.0,1.0,[],142,gqgu1nsR58oH5mlsRap8HvznGtM
13.4552,22.0926,84.9142,0.8359909,CCCc1nnoc1-c1cc2nc(-c3ccccc3)[nH]c(=O)c2cc1F,1,[*]c1cc2nc(-c3ccccc3)[nH]c(=O)c2cc1F,*c1onnc1CCC,0.6060634,0.6061,1.0,0.0,0.9032258,-11.9401,1.0,1.0,[],186,A5fcjFP$z$69ezwwnPT2CWtgqZs
12.5387,12.7364,94.8014,0.8401391,CCn1nnc(-c2cc3nc(-c4ccccc4)[nH]c(=O)c3cc2F)n1,1,[*]c1cc2nc(-c3ccccc3)[nH]c(=O)c2cc1F,*c1nnn(CC)n1,0.6203865,0.6204,1.0,0.0,0.9028993,-11.9368,1.0,1.0,[],39,bNd95BfnFiDap6oc9$2ZF7jpHzQ
5.6587,12.0124,94.8297,0.8347037,CN(C)c1cccc(-c2cc3nc(-c4ccccc4)[nH]c(=O)c3cc2F)n1,1,[*]c1cc2nc(-c3ccccc3)[nH]c(=O)c2cc1F,*c1cccc(N(C)C)n1,0.6026594,0.6027,1.0,0.0,0.9028339,-11.9362,1.0,1.0,[],85,CGPI6tXjl5EKr8hw8we3H2u9MtI
10.0339,13.452,93.7026,0.8371453,Cc1conc1-c1cc2nc(-c3ccccc3)[nH]c(=O)c2cc1F,1,[*]c1cc2nc(-c3ccccc3)[nH]c(=O)c2cc1F,*c1nocc1C,0.6109587,0.611,1.0,0.0,0.9026735,-11.9346,1.0,1.0,[],124,Ya0qPM8pYvwIl5aBL8edh3DVW0M
7.8237,7.7249,99.3573,0.8365798,O=c1[nH]c(-c2ccccc2)nc2cc(-c3nccs3)c(F)cc12,1,[*]c1cc2nc(-c3ccccc3)[nH]c(=O)c2cc1F,*c1nccs1,0.6093428,0.6093,1.0,0.0,0.9025553,-11.9334,1.0,1.0,[],294,eTagob3lVnW9JLUn7cY%pTYM7aI
10.239,13.8742,93.3713,0.8378553,O=c1[nH]c(-c2ccccc2)nc2cc(-c3cnncn3)c(F)cc12,1,[*]c1cc2nc(-c3ccccc3)[nH]c(=O)c2cc1F,*c1cnncn1,0.6136688,0.6137,1.0,0.0,0.9024896,-11.9328,1.0,1.0,[],55,Luyd2Ya1vwewXYSe8OL5mUKU928
11.4935,12.3149,94.5985,0.8352611,Cc1nc(-c2cc3nc(-c4ccccc4)[nH]c(=O)c3cc2F)ns1,1,[*]c1cc2nc(-c3ccccc3)[nH]c(=O)c2cc1F,*c1nsc(C)n1,0.606538,0.6065,1.0,0.0,0.9018079,-11.9261,1.0,1.0,[],24,PsbzEs5jCKgPKD95Bx7yjkR9wzs
9.8091,16.9768,89.6507,0.8330267,CCc1nc(-c2cc3nc(-c4ccccc4)[nH]c(=O)c3cc2F)c[nH]1,1,[*]c1cc2nc(-c3ccccc3)[nH]c(=O)c2cc1F,*c1c[nH]c(CC)n1,0.6000086,0.6,1.0,0.0,0.901438,-11.9225,1.0,1.0,[],178,1$oySVbkoE1PS9Cqx7tK2P$6MsM
8.2898,15.6198,91.5088,0.836942,C=Cc1ccnc(-c2cc3nc(-c4ccccc4)[nH]c(=O)c3cc2F)n1,1,[*]c1cc2nc(-c3ccccc3)[nH]c(=O)c2cc1F,*c1nccc(C=C)n1,0.613027,0.613,1.0,0.0,0.9013287,-11.9214,1.0,1.0,[],161,YLyhL1ovpr50RcdyLUDMPoMG2kY
6.502,13.6278,93.0994,0.8338065,N#Cc1ccnc(-c2cc3nc(-c4ccccc4)[nH]c(=O)c3cc2F)n1,1,[*]c1cc2nc(-c3ccccc3)[nH]c(=O)c2cc1F,*c1nccc(C#N)n1,0.60338,0.6034,1.0,0.0,0.9010197,-11.9184,1.0,1.0,[],54,mw6SP8ysM19xnusllhadqPJr0b0
12.5772,14.9654,91.8049,0.8341429,CN(C)CCCCC(=O)Cc1cc2nc(-c3ccccc3)[nH]c(=O)c2cc1F,1,[*]c1cc2nc(-c3ccccc3)[nH]c(=O)c2cc1F,*CC(=O)CCCCN(C)C,0.6059711,0.606,1.0,0.0,0.9002781,-11.9112,1.0,1.0,[],130,pQ$3rrf%XCBxPvzxwZ%oduHwoa0
9.5277,17.9665,89.1564,0.8368983,CCc1cnc(-c2cc3nc(-c4ccccc4)[nH]c(=O)c3cc2F)nn1,1,[*]c1cc2nc(-c3ccccc3)[nH]c(=O)c2cc1F,*c1nnc(CC)cn1,0.6153333,0.6153,1.0,0.0,0.9001306,-11.9097,1.0,1.0,[],63,OPQU069Dee13vHGV7TkarbmM8BA
7.4459,13.3707,93.3983,0.8341324,CN(C)c1cncc(-c2cc3nc(-c4ccccc4)[nH]c(=O)c3cc2F)n1,1,[*]c1cc2nc(-c3ccccc3)[nH]c(=O)c2cc1F,*c1cncc(N(C)C)n1,0.6062387,0.6062,1.0,0.0,0.9001287,-11.9097,1.0,1.0,[],85,itxWc2gw5L2x$Xe$NJMMKgJT9bo
13.0036,10.5951,100.3542,0.8667911,O=c1[nH]c(-c2ccccc2)nc2cc(NC3CCS(=O)(=O)CC3)c(F)cc12,1,[*]c1cc2nc(-c3ccccc3)[nH]c(=O)c2cc1F,*NC1CCS(=O)(=O)CC1,0.7209812,0.721,1.0,0.0,0.8999748,-11.9082,1.0,1.0,[],25,qlYOAPkaO6YvJA4u$0rr1AkmL2g
9.3126,14.0885,92.8163,0.835194,O=c1[nH]c(-c2ccccc2)nc2cc(-c3ccn(CCF)n3)c(F)cc12,1,[*]c1cc2nc(-c3ccccc3)[nH]c(=O)c2cc1F,*c1ccn(CCF)n1,0.6107463,0.6107,1.0,0.0,0.8996235,-11.9049,1.0,1.0,[],173,PZE7R3osRy4mfoe1owXsqqTaO20
13.0369,25.23,81.4808,0.8336783,C/C=C\c1nonc1-c1cc2nc(-c3ccccc3)[nH]c(=O)c2cc1F,1,[*]c1cc2nc(-c3ccccc3)[nH]c(=O)c2cc1F,*c1nonc1/C=C\C,0.6084015,0.6084,1.0,0.0,0.8983268,-11.8925,1.0,1.0,[],288,5L$pXWdU5g13D4V%QhxfdxqnOAQ
13.2311,19.9889,86.4902,0.8318678,N#CCn1cc(-c2cc3nc(-c4ccccc4)[nH]c(=O)c3cc2F)oc1=O,1,[*]c1cc2nc(-c3ccccc3)[nH]c(=O)c2cc1F,*c1cn(CC#N)c(=O)o1,0.6032114,0.6032,1.0,0.0,0.8979626,-11.889,1.0,1.0,[],174,OSGdQvgnJW74NBZG5NUHb%sdN6o
7.173,12.3684,94.0467,0.8313677,CCc1nc(-c2cc3nc(-c4ccccc4)[nH]c(=O)c3cc2F)n[nH]1,1,[*]c1cc2nc(-c3ccccc3)[nH]c(=O)c2cc1F,*c1n[nH]c(CC)n1,0.6021769,0.6022,1.0,0.0,0.8976665,-11.8862,1.0,1.0,[],106,JdvkT8MRRettg$TRgKws9rrix9A
11.3085,10.9626,3.5221,0.1131621,O=c1[nH]c(-c2ccccc2)nc2cc(NC3CCSC3)c(F)cc12,1,[*]c1cc2nc(-c3ccccc3)[nH]c(=O)c2cc1F,*NC1CCSC1,0.7634587,0.7635,0.0,1.0,0.897338,-11.8831,1.0,1.0,[],19,tUbY224LPSeV7jVMLbpb7J8d4KE
9.8009,8.6727,99.8374,0.8477351,CCCCCCc1cc2nc(-c3ccccc3)[nH]c(=O)c2cc1F,1,[*]c1cc2nc(-c3ccccc3)[nH]c(=O)c2cc1F,*CCCCCC,0.6586791,0.6587,1.0,0.0,0.8970823,-11.8807,1.0,1.0,[],14,VEOkBD$iKqEE883cTeai5Dt$%ug
7.1082,15.2697,91.4948,0.8340978,Cc1nonc1-c1cc2nc(-c3ccccc3)[nH]c(=O)c2cc1F,1,[*]c1cc2nc(-c3ccccc3)[nH]c(=O)c2cc1F,*c1nonc1C,0.6128189,0.6128,1.0,0.0,0.8968395,-11.8784,1.0,1.0,[],26,X7RDQdbi7DfNsjeBeSjsmT6pda0
6.4648,10.1288,96.5003,0.8330401,O=c1[nH]c(-c2ccccc2)nc2cc(-c3nc(C4CC4)no3)c(F)cc12,1,[*]c1cc2nc(-c3ccccc3)[nH]c(=O)c2cc1F,*c1nc(C2CC2)no1,0.6106815,0.6107,1.0,0.0,0.8961773,-11.8722,1.0,1.0,[],9,di4NWmaru0QwzqyHlL4qwy9L95k
9.4055,9.4055,102.2884,0.8726089,O=CCCc1cc2nc(-c3ccccc3)[nH]c(=O)c2cc1F,1,[*]c1cc2nc(-c3ccccc3)[nH]c(=O)c2cc1F,*CCC=O,0.7529665,0.753,1.0,0.0,0.8959922,-11.8705,1.0,1.0,[],1,aRmsoyUjtiqYPkqvkvmiYJelHWs
12.3217,16.8227,89.6547,0.8318544,O=c1[nH]c(-c2ccccc2)nc2cc(-c3cos3)c(F)cc12,1,[*]c1cc2nc(-c3ccccc3)[nH]c(=O)c2cc1F,*c1cos1,0.607221,0.6072,1.0,0.0,0.8959602,-11.8702,1.0,1.0,[],233,P1F22fwlAYeLi0XzCIbBp35jVhQ
12.4988,14.1929,91.9962,0.8296023,CN(C)CCCNCCc1cc2nc(-c3ccccc3)[nH]c(=O)c2cc1F,1,[*]c1cc2nc(-c3ccccc3)[nH]c(=O)c2cc1F,*CCNCCCN(C)C,0.6004533,0.6005,1.0,0.0,0.8956641,-11.8674,1.0,1.0,[],12,ORm1HPHkzzGmIIBoYJve9Q6bDOk
13.3388,14.5329,-0.151,0.1123588,O=C1CCCCC1CCc1cc2nc(-c3ccccc3)[nH]c(=O)c2cc1F,1,[*]c1cc2nc(-c3ccccc3)[nH]c(=O)c2cc1F,*CCC1CCCCC1=O,0.7452484,0.7452,0.0,1.0,0.8949738,-11.861,1.0,1.0,[],120,rzJqQhAJpKqg%Ed6TuoV$NH5ZdE
11.6974,15.5512,90.8739,0.8314465,O=c1ncc(-c2cc3nc(-c4ccccc4)[nH]c(=O)c3cc2F)co1,1,[*]c1cc2nc(-c3ccccc3)[nH]c(=O)c2cc1F,*c1cnc(=O)oc1,0.6083115,0.6083,1.0,0.0,0.8947659,-11.8591,1.0,1.0,[],137,gx4W0fRohYA16TLc%oKtBi7pajY
11.4037,14.4552,92.1148,0.8325786,COc1occc1-c1cc2nc(-c3ccccc3)[nH]c(=O)c2cc1F,1,[*]c1cc2nc(-c3ccccc3)[nH]c(=O)c2cc1F,*c1ccoc1OC,0.6139303,0.6139,1.0,0.0,0.8938504,-11.8507,1.0,1.0,[],130,ljHQUF%J5GvW8MllGYuv75ej5JE
9.6381,15.9036,90.6566,0.8325015,C=Cc1cc(-c2cc3nc(-c4ccccc4)[nH]c(=O)c3cc2F)on1,1,[*]c1cc2nc(-c3ccccc3)[nH]c(=O)c2cc1F,*c1cc(C=C)no1,0.6143301,0.6143,1.0,0.0,0.8935324,-11.8478,1.0,1.0,[],260,j5b98DO5860tNoEIqktsYtqJ8uk
12.2968,12.1519,98.661,0.8657257,C=C(C)CCc1cc2nc(-c3ccccc3)[nH]c(=O)c2cc1F,1,[*]c1cc2nc(-c3ccccc3)[nH]c(=O)c2cc1F,*CCC(=C)C,0.7328068,0.7328,1.0,0.0,0.8934577,-11.8471,1.0,1.0,[],164,ZVCM5UYqkWsl%twm32J8QoGBPd4
6.9759,13.6084,92.739,0.8308388,Cc1cnnc(-c2cc3nc(-c4ccccc4)[nH]c(=O)c3cc2F)c1,1,[*]c1cc2nc(-c3ccccc3)[nH]c(=O)c2cc1F,*c1cc(C)cnn1,0.609757,0.6098,1.0,0.0,0.8930784,-11.8436,1.0,1.0,[],106,y$S$Xm$QfFzCMY92d4dNy%sXey0
8.5715,14.9214,91.3574,0.8303029,O=c1[nH]c(-c2ccccc2)nc2cc(-c3cnn(C(F)F)n3)c(F)cc12,1,[*]c1cc2nc(-c3ccccc3)[nH]c(=O)c2cc1F,*c1cnn(C(F)F)n1,0.6098027,0.6098,1.0,0.0,0.8921922,-11.8356,1.0,1.0,[],105,HipJekmUzvalqx9ZuZFFBkDUtOw
13.856,13.8976,93.5088,0.8391126,CCC(=O)CCCCc1cc2nc(-c3ccccc3)[nH]c(=O)c2cc1F,1,[*]c1cc2nc(-c3ccccc3)[nH]c(=O)c2cc1F,*CCCCC(=O)CC,0.6402834,0.6403,1.0,0.0,0.8918113,-11.8322,1.0,1.0,[],182,F$A7wF5sZZPXdwg35%6mbDMakgQ
9.3813,20.7146,85.5303,0.8300377,Cc1cc(-c2cc3nc(-c4ccccc4)[nH]c(=O)c3cc2F)ncn1,1,[*]c1cc2nc(-c3ccccc3)[nH]c(=O)c2cc1F,*c1ncnc(C)c1,0.609757,0.6098,1.0,0.0,0.8917871,-11.832,1.0,1.0,[],65,oYlXdI2AiY$urDMUYGpfJD6zlsQ
9.6438,21.6187,84.8493,0.8317815,C=Cc1cnnc(-c2cc3nc(-c4ccccc4)[nH]c(=O)c3cc2F)n1,1,[*]c1cc2nc(-c3ccccc3)[nH]c(=O)c2cc1F,*c1nncc(C=C)n1,0.616155,0.6162,1.0,0.0,0.8914915,-11.8293,1.0,1.0,[],131,A4rVn5FXjazbzWHMzgCKtN$MKl0
13.834,17.3186,89.2982,0.8329441,C=Cn1nnc(-c2cc3nc(-c4ccccc4)[nH]c(=O)c3cc2F)n1,1,[*]c1cc2nc(-c3ccccc3)[nH]c(=O)c2cc1F,*c1nnn(C=C)n1,0.6215704,0.6216,1.0,0.0,0.8907592,-11.8228,1.0,1.0,[],108,xmj$QSq%QcitUdzZGha5XFvlLwo
8.3646,15.9996,90.0434,0.8284606,O=c1[nH]c(-c2ccccc2)nc2cc(-c3nnn(CCF)n3)c(F)cc12,1,[*]c1cc2nc(-c3ccccc3)[nH]c(=O)c2cc1F,*c1nnn(CCF)n1,0.6076049,0.6076,1.0,0.0,0.8902952,-11.8186,1.0,1.0,[],128,EMVqWLh%hkzQPuUyMlWJaOJke9Q
7.7527,8.5832,97.7496,0.8307247,O=c1[nH]c(-c2ccccc2)nc2cc(-c3cnccn3)c(F)cc12,1,[*]c1cc2nc(-c3ccccc3)[nH]c(=O)c2cc1F,*c1cnccn1,0.61596,0.616,1.0,0.0,0.889887,-11.815,1.0,1.0,[],61,GZEiQHOleWIBwjiSWlSF6fB9elQ
10.1834,12.7188,93.1203,0.8268681,N#Cc1nccnc1-c1cc2nc(-c3ccccc3)[nH]c(=O)c2cc1F,1,[*]c1cc2nc(-c3ccccc3)[nH]c(=O)c2cc1F,*c1nccnc1C#N,0.60338,0.6034,1.0,0.0,0.8897966,-11.8142,1.0,1.0,[],181,VMsajsN6VlnM3TK53gjFsMycvpM
7.3565,10.2553,95.5132,0.8263163,N#Cc1cncc(-c2cc3nc(-c4ccccc4)[nH]c(=O)c3cc2F)c1,1,[*]c1cc2nc(-c3ccccc3)[nH]c(=O)c2cc1F,*c1cncc(C#N)c1,0.6024979,0.6025,1.0,0.0,0.8893396,-11.8102,1.0,1.0,[],87,uOkGV%3lxZEvxB5JXqOkdR4sd%E
11.6377,14.3281,91.9213,0.8300735,CCc1nocc1-c1cc2nc(-c3ccccc3)[nH]c(=O)c2cc1F,1,[*]c1cc2nc(-c3ccccc3)[nH]c(=O)c2cc1F,*c1conc1CC,0.6152601,0.6153,1.0,0.0,0.8891777,-11.8087,1.0,1.0,[],230,hVl2scpzLHiUVbFLwAS6qicKrYw
11.5635,12.1286,94.1182,0.8300533,O=c1[nH]c(-c2ccccc2)nc2cc(CCc3cncnc3)c(F)cc12,1,[*]c1cc2nc(-c3ccccc3)[nH]c(=O)c2cc1F,*CCc1cncnc1,0.6153353,0.6153,1.0,0.0,0.889109,-11.8081,1.0,1.0,[],4,WOgdf%erxAhLuDibomOrJaKgRhE
9.6251,13.5148,92.1958,0.8258636,N#Cc1cnc(-c2cc3nc(-c4ccccc4)[nH]c(=O)c3cc2F)cn1,1,[*]c1cc2nc(-c3ccccc3)[nH]c(=O)c2cc1F,*c1cnc(C#N)cn1,0.60338,0.6034,1.0,0.0,0.8881757,-11.7999,1.0,1.0,[],91,01LeE2tHLi25igZXi3UvbAuR7Vk
8.8888,9.4269,96.1507,0.8248255,Cc1cccc(-c2cc3nc(-c4ccccc4)[nH]c(=O)c3cc2F)n1,1,[*]c1cc2nc(-c3ccccc3)[nH]c(=O)c2cc1F,*c1cccc(C)n1,0.6014686,0.6015,1.0,0.0,0.8874395,-11.7935,1.0,1.0,[],122,E9hCBkn3m0GwruPiy2D%9u0IySA
8.1234,10.7081,95.36,0.828657,O=c1[nH]c(-c2ccccc2)nc2cc(-c3cnns3)c(F)cc12,1,[*]c1cc2nc(-c3ccccc3)[nH]c(=O)c2cc1F,*c1cnns1,0.6142368,0.6142,1.0,0.0,0.8873949,-11.7931,1.0,1.0,[],253,sbyMliQ0YY$435sk2fp$Gbqw1wg
6.6828,12.1127,93.3849,0.8242003,CCc1cc(-c2cc3nc(-c4ccccc4)[nH]c(=O)c3cc2F)n[nH]1,1,[*]c1cc2nc(-c3ccccc3)[nH]c(=O)c2cc1F,*c1cc(CC)[nH]n1,0.6000086,0.6,1.0,0.0,0.8871492,-11.791,1.0,1.0,[],106,acqOEIIuaDTT%yUVOQCr7hIha6w
15.0166,15.9242,91.0315,0.8355912,CC(C)(C)CNCCCc1cc2nc(-c3ccccc3)[nH]c(=O)c2cc1F,1,[*]c1cc2nc(-c3ccccc3)[nH]c(=O)c2cc1F,*CCCNCC(C)(C)C,0.6388868,0.6389,1.0,0.0,0.8868486,-11.7884,1.0,1.0,[],181,flJ9NLcLO2OiWY5869Ne0f%3vlA
9.8024,14.7317,91.0308,0.8262697,N#Cc1nocc1-c1cc2nc(-c3ccccc3)[nH]c(=O)c2cc1F,1,[*]c1cc2nc(-c3ccccc3)[nH]c(=O)c2cc1F,*c1conc1C#N,0.6076757,0.6077,1.0,0.0,0.8867315,-11.7874,1.0,1.0,[],164,gpeCH%u1Y992l3T73efSFlkD79Y
5.3658,6.5378,99.3728,0.8274269,O=c1[nH]c(-c2ccccc2)nc2cc(-c3cccnc3)c(F)cc12,1,[*]c1cc2nc(-c3ccccc3)[nH]c(=O)c2cc1F,*c1cccnc1,0.6117138,0.6117,1.0,0.0,0.8866353,-11.7865,1.0,1.0,[],4,fO3Kpt8QNap2ckc4$DgfAiodjEo
7.6336,16.0574,89.4392,0.8241916,COCc1cnc(-c2cc3nc(-c4ccccc4)[nH]c(=O)c3cc2F)nc1,1,[*]c1cc2nc(-c3ccccc3)[nH]c(=O)c2cc1F,*c1ncc(COC)cn1,0.6022166,0.6022,1.0,0.0,0.8860496,-11.7815,1.0,1.0,[],58,Me1mXr$e30BexdqOMnfzeteAP6g
8.5446,17.8048,88.0234,0.8267824,COc1cnnc(-c2cc3nc(-c4ccccc4)[nH]c(=O)c3cc2F)n1,1,[*]c1cc2nc(-c3ccccc3)[nH]c(=O)c2cc1F,*c1nncc(OC)n1,0.6109361,0.6109,1.0,0.0,0.8859752,-11.7808,1.0,1.0,[],59,7RJJiJkFXNA4Imjpdw2Npgtsie4
10.5508,16.2365,89.6062,0.8268962,C=Cc1cncc(-c2cc3nc(-c4ccccc4)[nH]c(=O)c3cc2F)n1,1,[*]c1cc2nc(-c3ccccc3)[nH]c(=O)c2cc1F,*c1cncc(C=C)n1,0.613027,0.613,1.0,0.0,0.8851495,-11.7738,1.0,1.0,[],113,4D8Bej8V1DJcfbxNdeWUoz8puUg
8.0268,14.5758,90.8222,0.8234222,N#Cc1cc(-c2cc3nc(-c4ccccc4)[nH]c(=O)c3cc2F)cnn1,1,[*]c1cc2nc(-c3ccccc3)[nH]c(=O)c2cc1F,*c1cnnc(C#N)c1,0.60338,0.6034,1.0,0.0,0.8842402,-11.766,1.0,1.0,[],168,cYJhkG4PvixNnGnyTkaBe5nIFaI
19.8934,21.4012,86.6969,0.8445165,C/N=C(\CCc1cc2nc(-c3ccccc3)[nH]c(=O)c2cc1F)C(C)(C)C,1,[*]c1cc2nc(-c3ccccc3)[nH]c(=O)c2cc1F,*CC/C(=N\C)C(C)(C)C,0.6766242,0.6766,1.0,0.0,0.8840219,-11.7642,1.0,1.0,[],3,clnYbflbXodJXNsXV2Yh%sjugbw
8.725,9.5436,99.2525,0.8499701,O=c1[nH]c(-c2ccccc2)nc2cc(CCC3CCCCC3)c(F)cc12,1,[*]c1cc2nc(-c3ccccc3)[nH]c(=O)c2cc1F,*CCC1CCCCC1,0.6990394,0.699,1.0,0.0,0.8829544,-11.7552,1.0,1.0,[],4,NhJNrSOlsq%lMDdgI9$6eNkFfj4
7.2727,8.8368,96.3961,0.8221317,O=c1[nH]c(-c2ccccc2)nc2cc(-c3cncc(F)c3)c(F)cc12,1,[*]c1cc2nc(-c3ccccc3)[nH]c(=O)c2cc1F,*c1cncc(F)c1,0.6037123,0.6037,1.0,0.0,0.8820003,-11.7472,1.0,1.0,[],8,eEWvplqs%ORUCQAiZ5$2mS$RKlc
7.2068,13.4586,91.7379,0.8218478,N#Cc1cnc(-c2cc3nc(-c4ccccc4)[nH]c(=O)c3cc2F)nc1,1,[*]c1cc2nc(-c3ccccc3)[nH]c(=O)c2cc1F,*c1ncc(C#N)cn1,0.60338,0.6034,1.0,0.0,0.8817053,-11.7447,1.0,1.0,[],57,4VcEUFQrzyhtmD9hoOoN2GG5arI
8.653,19.0235,86.5708,0.8249553,CCc1ncnnc1-c1cc2nc(-c3ccccc3)[nH]c(=O)c2cc1F,1,[*]c1cc2nc(-c3ccccc3)[nH]c(=O)c2cc1F,*c1nncnc1CC,0.6153333,0.6153,1.0,0.0,0.8809316,-11.7383,1.0,1.0,[],32,tWzeDleY55mhjhg36h907bhYQSg
8.5733,21.7788,83.3088,0.8209967,CN(C)c1cnc(-c2cc3nc(-c4ccccc4)[nH]c(=O)c3cc2F)nn1,1,[*]c1cc2nc(-c3ccccc3)[nH]c(=O)c2cc1F,*c1nnc(N(C)C)cn1,0.6028045,0.6028,1.0,0.0,0.8806162,-11.7357,1.0,1.0,[],89,247gKHOlAD5l5gRB71W$LE7e36I
6.0269,12.6212,93.2722,0.8272922,CCn1ncc(-c2cc3nc(-c4ccccc4)[nH]c(=O)c3cc2F)n1,1,[*]c1cc2nc(-c3ccccc3)[nH]c(=O)c2cc1F,*c1cnn(CC)n1,0.6242732,0.6243,1.0,0.0,0.880434,-11.7342,1.0,1.0,[],105,ASKzU7qnhczyNUBUFgvyymrfEqk
11.7211,16.8118,88.9037,0.8259027,O=c1[nH]c(-c2ccccc2)nc2cc(Cc3nnno3)c(F)cc12,1,[*]c1cc2nc(-c3ccccc3)[nH]c(=O)c2cc1F,*Cc1nnno1,0.6198451,0.6198,1.0,0.0,0.8803031,-11.7331,1.0,1.0,[],288,ohFWSGo0RBFS9s0kfbCb35H7xQE
10.4197,10.5866,95.1434,0.8260157,Cc1noc(Cc2cc3nc(-c4ccccc4)[nH]c(=O)c3cc2F)n1,1,[*]c1cc2nc(-c3ccccc3)[nH]c(=O)c2cc1F,*Cc1nc(C)no1,0.6215088,0.6215,1.0,0.0,0.8796974,-11.7281,1.0,1.0,[],22,j10v950cXArqHCrJdW8cr5Ndd0c
9.5354,12.5582,92.3681,0.8197371,Cc1nc(-c2cc3nc(-c4ccccc4)[nH]c(=O)c3cc2F)c(C)o1,1,[*]c1cc2nc(-c3ccccc3)[nH]c(=O)c2cc1F,*c1nc(C)oc1C,0.6008357,0.6008,1.0,0.0,0.8795488,-11.7269,1.0,1.0,[],29,Hgra4uwWzX82l09mjwO8t6geXvI
6.4269,10.2228,94.9899,0.8219741,Cn1nnc(-c2cc3nc(-c4ccccc4)[nH]c(=O)c3cc2F)n1,1,[*]c1cc2nc(-c3ccccc3)[nH]c(=O)c2cc1F,*c1nnn(C)n1,0.6088235,0.6088,1.0,0.0,0.8792723,-11.7246,1.0,1.0,[],106,Co6zAkfqF$BIqeB1YaJ0io0qvrg
13.7315,24.5422,80.4129,0.8199613,CCn1nc(-c2cc3nc(-c4ccccc4)[nH]c(=O)c3cc2F)nc1C#N,1,[*]c1cc2nc(-c3ccccc3)[nH]c(=O)c2cc1F,*c1nn(CC)c(C#N)n1,0.605385,0.6054,1.0,0.0,0.8777,-11.7118,1.0,1.0,[],122,XyeJedBH9M79CkgrCAnDZXMMuiY
9.104,11.5668,93.5378,0.8211297,Cc1cncc(-c2cc3nc(-c4ccccc4)[nH]c(=O)c3cc2F)n1,1,[*]c1cc2nc(-c3ccccc3)[nH]c(=O)c2cc1F,*c1cncc(C)n1,0.609757,0.6098,1.0,0.0,0.8774696,-11.71,1.0,1.0,[],89,hNcq1$LB9iWHuUzH4Uy2Y9xRc4o
12.88,13.7982,-0.2464,0.1058732,CCC(CCO)CNc1cc2nc(-c3ccccc3)[nH]c(=O)c2cc1F,1,[*]c1cc2nc(-c3ccccc3)[nH]c(=O)c2cc1F,*NCC(CC)CCO,0.6056072,0.6056,0.0,1.0,0.8772345,-11.7081,1.0,1.0,[],14,RywwetuUCCZI2gUO2TcVMUpP1NU
8.6533,12.8249,92.2469,0.8208733,O=c1[nH]c(-c2ccccc2)nc2cc(-c3nccnc3F)c(F)cc12,1,[*]c1cc2nc(-c3ccccc3)[nH]c(=O)c2cc1F,*c1nccnc1F,0.6094152,0.6094,1.0,0.0,0.8772225,-11.708,1.0,1.0,[],59,gE1sG4UZZhH2RcQRVTVTEg0$vug
10.9349,14.2774,90.8835,0.8215694,O=c1[nH]c(-c2ccccc2)nc2cc(-c3nnns3)c(F)cc12,1,[*]c1cc2nc(-c3ccccc3)[nH]c(=O)c2cc1F,*c1nnns1,0.61228,0.6123,1.0,0.0,0.8769666,-11.7059,1.0,1.0,[],106,rN3jC3pn$NPvfKY3xha7PXoDNh8
10.7461,13.9071,91.121,0.8205316,CCc1nc(Cc2cc3nc(-c4ccccc4)[nH]c(=O)c3cc2F)no1,1,[*]c1cc2nc(-c3ccccc3)[nH]c(=O)c2cc1F,*Cc1noc(CC)n1,0.6105332,0.6105,1.0,0.0,0.8761395,-11.6993,1.0,1.0,[],129,p9hbo2TnzESwKdcHmENHVede500
9.8452,18.288,86.8266,0.821208,Cn1nc(-c2cc3nc(-c4ccccc4)[nH]c(=O)c3cc2F)nc1CF,1,[*]c1cc2nc(-c3ccccc3)[nH]c(=O)c2cc1F,*c1nc(CF)n(C)n1,0.614256,0.6143,1.0,0.0,0.8754472,-11.6938,1.0,1.0,[],100,nBZK0rY%66vEd%BUkrWKUy2T3Tk
6.5114,7.4685,97.6896,0.8215472,O=c1[nH]c(-c2ccccc2)nc2cc(-c3cncnc3)c(F)cc12,1,[*]c1cc2nc(-c3ccccc3)[nH]c(=O)c2cc1F,*c1cncnc1,0.61596,0.616,1.0,0.0,0.8751811,-11.6916,1.0,1.0,[],4,fQ9qq%Io9ew7KDeBGNXUXLrM%n4
8.5997,7.1666,104.4511,0.8720131,CN(C)CCc1cc2nc(-c3ccccc3)[nH]c(=O)c2cc1F,1,[*]c1cc2nc(-c3ccccc3)[nH]c(=O)c2cc1F,*CCN(C)C,0.8058357,0.8058,1.0,0.0,0.8750557,-11.6906,1.0,1.0,[],107,4Fd10I5obF3PNAg%$UUL5spz0Gs
15.4654,14.7707,90.0984,0.8192895,O=c1ccocc1-c1cc2nc(-c3ccccc3)[nH]c(=O)c2cc1F,1,[*]c1cc2nc(-c3ccccc3)[nH]c(=O)c2cc1F,*c1coccc1=O,0.6098172,0.6098,1.0,0.0,0.8744927,-11.6862,1.0,1.0,[],292,nmZcWULp4zq1CEnQesi13e$TMxc
6.7295,11.4275,93.5474,0.820116,COc1ccnc(-c2cc3nc(-c4ccccc4)[nH]c(=O)c3cc2F)n1,1,[*]c1cc2nc(-c3ccccc3)[nH]c(=O)c2cc1F,*c1nccc(OC)n1,0.6148707,0.6149,1.0,0.0,0.8734103,-11.6776,1.0,1.0,[],57,%5kXND99y51Wqb$yEHy1WWhPzYo
7.9898,14.0132,90.8311,0.8190957,O=c1[nH]c(-c2ccccc2)nc2cc(-c3cn(CCF)nn3)c(F)cc12,1,[*]c1cc2nc(-c3ccccc3)[nH]c(=O)c2cc1F,*c1cn(CCF)nn1,0.611938,0.6119,1.0,0.0,0.8731714,-11.6758,1.0,1.0,[],127,34W%RUdveBNm1N%zsL6279a757A
5.878,9.569,98.8345,0.8469026,NCCCCc1cc2nc(-c3ccccc3)[nH]c(=O)c2cc1F,1,[*]c1cc2nc(-c3ccccc3)[nH]c(=O)c2cc1F,*CCCCN,0.7114977,0.7115,1.0,0.0,0.873023,-11.6746,1.0,1.0,[],19,Od9$fztWA33riizrlFV5a$2KZkc
11.3865,10.7155,93.9987,0.8180798,O=c1[nH]c(-c2ccccc2)nc2cc(-c3ccns3)c(F)cc12,1,[*]c1cc2nc(-c3ccccc3)[nH]c(=O)c2cc1F,*c1ccns1,0.6093428,0.6093,1.0,0.0,0.8727829,-11.6727,1.0,1.0,[],244,1nLMQzr321TwxAX9fZ%922Tlqa0
9.8925,11.0947,94.1024,0.8218522,O=c1[nH]c(-c2ccccc2)nc2cc(Cc3ccco3)c(F)cc12,1,[*]c1cc2nc(-c3ccccc3)[nH]c(=O)c2cc1F,*Cc1ccco1,0.6223662,0.6224,1.0,0.0,0.8726537,-11.6717,1.0,1.0,[],123,CZ7LWJKIYoGvq%JOfo%1akM5p6g
7.6215,12.7073,92.0069,0.8180794,Cc1cncnc1-c1cc2nc(-c3ccccc3)[nH]c(=O)c2cc1F,1,[*]c1cc2nc(-c3ccccc3)[nH]c(=O)c2cc1F,*c1ncncc1C,0.609757,0.6098,1.0,0.0,0.8725847,-11.6712,1.0,1.0,[],55,n2zTnCunHZ6ts%s4ojhEKYeeDwE
10.7099,16.4708,88.1545,0.817385,COCc1nocc1-c1cc2nc(-c3ccccc3)[nH]c(=O)c2cc1F,1,[*]c1cc2nc(-c3ccccc3)[nH]c(=O)c2cc1F,*c1conc1COC,0.608228,0.6082,1.0,0.0,0.8722036,-11.6682,1.0,1.0,[],179,48li3Nk3HTN$VFC1JNNLByHwRrI
9.184,7.704,103.6507,0.8699583,COCCc1cc2nc(-c3ccccc3)[nH]c(=O)c2cc1F,1,[*]c1cc2nc(-c3ccccc3)[nH]c(=O)c2cc1F,*CCOC,0.8054703,0.8055,1.0,0.0,0.8720964,-11.6674,1.0,1.0,[],121,QYA43IXhCHtYWdVoC5sgmOEj44k
8.1517,8.5162,96.1226,0.8174905,O=c1[nH]c(-c2ccccc2)nc2cc(-c3cncs3)c(F)cc12,1,[*]c1cc2nc(-c3ccccc3)[nH]c(=O)c2cc1F,*c1cncs1,0.6093428,0.6093,1.0,0.0,0.8718401,-11.6654,1.0,1.0,[],5,%Yk33PNCidtj7hQLGA0mIYCV2EE
10.4623,9.2365,95.1778,0.8157364,O=c1[nH]c(-c2ccccc2)nc2cc(-c3ncccc3F)c(F)cc12,1,[*]c1cc2nc(-c3ccccc3)[nH]c(=O)c2cc1F,*c1ncccc1F,0.6037123,0.6037,1.0,0.0,0.8717288,-11.6645,1.0,1.0,[],21,5gk5qJD3Nn5iDQZkOSwyC8BidTk
7.3159,15.4336,88.9912,0.8158194,CN(C)c1nc(-c2cc3nc(-c4ccccc4)[nH]c(=O)c3cc2F)nn1C,1,[*]c1cc2nc(-c3ccccc3)[nH]c(=O)c2cc1F,*c1nc(N(C)C)n(C)n1,0.6044163,0.6044,1.0,0.0,0.8715233,-11.6629,1.0,1.0,[],102,HvpAd1lCn5DVYaYNCwuZCd3X3AQ
9.4251,9.6578,98.1066,0.8419096,CN(C)CCCCc1cc2nc(-c3ccccc3)[nH]c(=O)c2cc1F,1,[*]c1cc2nc(-c3ccccc3)[nH]c(=O)c2cc1F,*CCCCN(C)C,0.6980342,0.698,1.0,0.0,0.8708418,-11.6576,1.0,1.0,[],140,Dqy5gglnGkA5kLXjychGTmV62DA
12.3332,16.9131,-2.9365,0.109192,NC1CCCN(C(=O)CCc2cc3nc(-c4ccccc4)[nH]c(=O)c3cc2F)C1,1,[*]c1cc2nc(-c3ccccc3)[nH]c(=O)c2cc1F,*CCC(=O)N1CCCC(N)C1,0.7115251,0.7115,0.0,1.0,0.8707416,-11.6569,1.0,1.0,[],19,dJLuCnJo$WQGojJBxu7E3GIGlyQ
8.827,12.8436,91.8848,0.8181912,CCc1ncc(-c2cc3nc(-c4ccccc4)[nH]c(=O)c3cc2F)o1,1,[*]c1cc2nc(-c3ccccc3)[nH]c(=O)c2cc1F,*c1cnc(CC)o1,0.6152601,0.6153,1.0,0.0,0.8701537,-11.6523,1.0,1.0,[],110,uAjyQWqPH5Imlj4nuTUsPEbnSy0
12.3042,14.0406,90.1102,0.8136778,O=c1[nH]c(-c2ccccc2)nc2cc(-c3coc(CO)c3)c(F)cc12,1,[*]c1cc2nc(-c3ccccc3)[nH]c(=O)c2cc1F,*c1coc(CO)c1,0.6002009,0.6002,1.0,0.0,0.8701214,-11.6521,1.0,1.0,[],181,qdIBNB6ChbM1mJh%yinqjYH4lvU
6.9022,14.7734,89.8505,0.8173741,O=c1[nH]c(-c2ccccc2)nc2cc(-c3nccnn3)c(F)cc12,1,[*]c1cc2nc(-c3ccccc3)[nH]c(=O)c2cc1F,*c1nnccn1,0.6136688,0.6137,1.0,0.0,0.869601,-11.6481,1.0,1.0,[],46,XsFs9PB6Yk$99LrIR80rqjKxczM
9.5594,15.5066,93.6636,0.8528916,O=C(CCCF)Cc1cc2nc(-c3ccccc3)[nH]c(=O)c2cc1F,1,[*]c1cc2nc(-c3ccccc3)[nH]c(=O)c2cc1F,*CC(=O)CCCF,0.7445138,0.7445,1.0,0.0,0.8690602,-11.644,1.0,1.0,[],140,H381h$GjnAh7wu9xVAEHhaUjduI
8.5157,10.6048,97.1639,0.8419428,COCCCCc1cc2nc(-c3ccccc3)[nH]c(=O)c2cc1F,1,[*]c1cc2nc(-c3ccccc3)[nH]c(=O)c2cc1F,*CCCCOC,0.7028214,0.7028,1.0,0.0,0.8689114,-11.6428,1.0,1.0,[],144,6KmxKZAJV6cqIDCVlqht4a62XDQ
8.7451,12.0975,94.1331,0.8299266,COCCCCCc1cc2nc(-c3ccccc3)[nH]c(=O)c2cc1F,1,[*]c1cc2nc(-c3ccccc3)[nH]c(=O)c2cc1F,*CCCCCOC,0.6592284,0.6592,1.0,0.0,0.8687222,-11.6414,1.0,1.0,[],143,SLoS3nX7lO%rLMlLLtxhA5yg3pI
8.3805,14.4594,89.9237,0.8154928,Cc1ccnnc1-c1cc2nc(-c3ccccc3)[nH]c(=O)c2cc1F,1,[*]c1cc2nc(-c3ccccc3)[nH]c(=O)c2cc1F,*c1nnccc1C,0.609757,0.6098,1.0,0.0,0.8684496,-11.6393,1.0,1.0,[],59,bsKdKGb37$NloNtZyrw1qiAoc5g
8.1004,9.1944,99.8377,0.8518133,O=c1[nH]c(-c2ccccc2)nc2cc(CCCCl)c(F)cc12,1,[*]c1cc2nc(-c3ccccc3)[nH]c(=O)c2cc1F,*CCCCl,0.7419413,0.7419,1.0,0.0,0.8684139,-11.639,1.0,1.0,[],11,Awp7eXCljGN57PJOpT$oAA0cUlo
10.995,24.1531,80.2124,0.8153553,Cc1ncc(-c2cc3nc(-c4ccccc4)[nH]c(=O)c3cc2F)nn1,1,[*]c1cc2nc(-c3ccccc3)[nH]c(=O)c2cc1F,*c1nnc(C)nc1,0.6095862,0.6096,1.0,0.0,0.868311,-11.6383,1.0,1.0,[],66,7dNd8aNrDYRrzc%y7Hedk2skm24
10.9751,15.0352,89.2913,0.8150504,COc1noc(C)c1-c1cc2nc(-c3ccccc3)[nH]c(=O)c2cc1F,1,[*]c1cc2nc(-c3ccccc3)[nH]c(=O)c2cc1F,*c1c(OC)noc1C,0.6085742,0.6086,1.0,0.0,0.8683048,-11.6382,1.0,1.0,[],119,tigDfZW4hmTJNGUl%ZRMul5pCBU
7.8645,14.0133,90.4277,0.8159453,CCc1cc(-c2cc3nc(-c4ccccc4)[nH]c(=O)c3cc2F)ncn1,1,[*]c1cc2nc(-c3ccccc3)[nH]c(=O)c2cc1F,*c1cc(CC)ncn1,0.6131839,0.6132,1.0,0.0,0.8675503,-11.6325,1.0,1.0,[],103,vAHMrIeKeXcZ8fyJYDRPnWj0$cE
9.1821,14.6818,95.3288,0.8594581,N#CCCC(=O)Cc1cc2nc(-c3ccccc3)[nH]c(=O)c2cc1F,1,[*]c1cc2nc(-c3ccccc3)[nH]c(=O)c2cc1F,*CC(=O)CCC#N,0.7757993,0.7758,1.0,0.0,0.8671361,-11.6294,1.0,1.0,[],140,hcCRYU31iQRlnvur9f15qd3GEkk
7.6103,15.5288,88.7164,0.8144154,O=c1[nH]c(-c2ccccc2)nc2cc(-c3nnccc3F)c(F)cc12,1,[*]c1cc2nc(-c3ccccc3)[nH]c(=O)c2cc1F,*c1nnccc1F,0.6094152,0.6094,1.0,0.0,0.8668911,-11.6275,1.0,1.0,[],52,xG$J04Y4ZX7MMblWkP9jyPzV0YU
9.068,14.6753,89.433,0.8133457,CN(C)c1cnnc(-c2cc3nc(-c4ccccc4)[nH]c(=O)c3cc2F)c1,1,[*]c1cc2nc(-c3ccccc3)[nH]c(=O)c2cc1F,*c1cc(N(C)C)cnn1,0.6062387,0.6062,1.0,0.0,0.8666922,-11.626,1.0,1.0,[],93,Q$kfQLh8W%NVUsIn235t$P2YBzg
7.6592,19.1812,84.6334,0.8110516,Cc1nc(-c2cc3nc(-c4ccccc4)[nH]c(=O)c3cc2F)nn1CCF,1,[*]c1cc2nc(-c3ccccc3)[nH]c(=O)c2cc1F,*c1nc(C)n(CCF)n1,0.6006274,0.6006,1.0,0.0,0.8657072,-11.6186,1.0,1.0,[],103,zpbag1vLR47mymMptLkxZQrVeLA
14.029,19.229,84.6839,0.8118194,O=C(CF)n1cc(-c2cc3nc(-c4ccccc4)[nH]c(=O)c3cc2F)cn1,1,[*]c1cc2nc(-c3ccccc3)[nH]c(=O)c2cc1F,*c1cnn(C(=O)CF)c1,0.6037636,0.6038,1.0,0.0,0.8654331,-11.6166,1.0,1.0,[],168,ojlMmnljvMaNU1v6ICVUzi$b88Y
12.2237,15.2485,-1.8272,0.1048541,CC(F)c1nc(-c2cc3nc(-c4ccccc4)[nH]c(=O)c3cc2F)no1,1,[*]c1cc2nc(-c3ccccc3)[nH]c(=O)c2cc1F,*c1noc(C(C)F)n1,0.604662,0.6047,0.0,1.0,0.8650485,-11.6137,1.0,1.0,[],21,tEBIOBZ%rV2n8gXD%JzLM2rN9uk
7.1928,11.1758,93.3623,0.8167038,CCn1ccc(-c2cc3nc(-c4ccccc4)[nH]c(=O)c3cc2F)n1,1,[*]c1cc2nc(-c3ccccc3)[nH]c(=O)c2cc1F,*c1ccn(CC)n1,0.6223454,0.6223,1.0,0.0,0.8644762,-11.6095,1.0,1.0,[],106,d46QnPnwqsBBWm99wuwJmPjxLEA
9.5084,16.0829,87.6839,0.8106785,CN(C)c1ncnc(-c2cc3nc(-c4ccccc4)[nH]c(=O)c3cc2F)n1,1,[*]c1cc2nc(-c3ccccc3)[nH]c(=O)c2cc1F,*c1ncnc(N(C)C)n1,0.6028045,0.6028,1.0,0.0,0.8640672,-11.6064,1.0,1.0,[],50,I2%1Sllv%jubVkyZK1qzoummR2g
9.9711,7.8454,99.652,0.8398235,CCCCCc1cc2nc(-c3ccccc3)[nH]c(=O)c2cc1F,1,[*]c1cc2nc(-c3ccccc3)[nH]c(=O)c2cc1F,*CCCCC,0.7070731,0.7071,1.0,0.0,0.8638943,-11.6052,1.0,1.0,[],106,v0QVKYRC9efIfzA%1iJESZj9xis
8.1281,15.5951,87.9837,0.809209,COCc1nc(-c2cc3nc(-c4ccccc4)[nH]c(=O)c3cc2F)nn1C,1,[*]c1cc2nc(-c3ccccc3)[nH]c(=O)c2cc1F,*c1nc(COC)n(C)n1,0.600907,0.6009,1.0,0.0,0.8626249,-11.5958,1.0,1.0,[],102,FO9UN%Z40syfRMQ764hXaA7xcIM
9.9764,14.0151,91.2328,0.8222495,CCNCCCCc1cc2nc(-c3ccccc3)[nH]c(=O)c2cc1F,1,[*]c1cc2nc(-c3ccccc3)[nH]c(=O)c2cc1F,*CCCCNCC,0.6459656,0.646,1.0,0.0,0.8625195,-11.5951,1.0,1.0,[],17,yKWv8%9dxzylGinUIOTnGP45Wv4
6.5753,10.4694,93.0817,0.8089927,N#Cc1cccnc1-c1cc2nc(-c3ccccc3)[nH]c(=O)c2cc1F,1,[*]c1cc2nc(-c3ccccc3)[nH]c(=O)c2cc1F,*c1ncccc1C#N,0.6024979,0.6025,1.0,0.0,0.8615194,-11.5878,1.0,1.0,[],50,YlKtmUdB5u8oGqXCrUFpUZLeiaQ
6.4662,11.4615,92.9061,0.8153719,CCn1cc(-c2cc3nc(-c4ccccc4)[nH]c(=O)c3cc2F)nn1,1,[*]c1cc2nc(-c3ccccc3)[nH]c(=O)c2cc1F,*c1cn(CC)nn1,0.6242732,0.6243,1.0,0.0,0.8614738,-11.5874,1.0,1.0,[],104,ZyM42ymqfXnEyVM67sClvUfsMT0
12.8077,12.8292,90.6231,0.8082204,O=c1[nH]c(-c2ccccc2)nc2cc(-c3cc(C4CC4)no3)c(F)cc12,1,[*]c1cc2nc(-c3ccccc3)[nH]c(=O)c2cc1F,*c1cc(C2CC2)no1,0.6008997,0.6009,1.0,0.0,0.8610481,-11.5843,1.0,1.0,[],101,dP20wPcPxuRsFcD8EoRleuHBUT4
10.0433,14.7723,89.1382,0.8118005,C=Cc1cnc(-c2cc3nc(-c4ccccc4)[nH]c(=O)c3cc2F)nc1,1,[*]c1cc2nc(-c3ccccc3)[nH]c(=O)c2cc1F,*c1ncc(C=C)cn1,0.613027,0.613,1.0,0.0,0.8610217,-11.5841,1.0,1.0,[],118,7%2yuBLcz3$Ma81JHbrJ8%1bcnU
10.8673,14.242,89.2053,0.8081821,COc1cc(-c2cc3nc(-c4ccccc4)[nH]c(=O)c3cc2F)n[nH]1,1,[*]c1cc2nc(-c3ccccc3)[nH]c(=O)c2cc1F,*c1cc(OC)[nH]n1,0.6019455,0.6019,1.0,0.0,0.8604879,-11.5803,1.0,1.0,[],126,a4VABK9BVOT2h0GhmHRwKTT6AC8
12.7892,13.5659,90.3215,0.8116201,Cn1cnnc1CCc1cc2nc(-c3ccccc3)[nH]c(=O)c2cc1F,1,[*]c1cc2nc(-c3ccccc3)[nH]c(=O)c2cc1F,*CCc1nncn1C,0.6144379,0.6144,1.0,0.0,0.8600754,-11.5773,1.0,1.0,[],124,UDT09F$uae8KL9Fn2TE8CPlFxss
9.9218,22.7003,80.7656,0.8083273,C=C(C)c1cnnc(-c2cc3nc(-c4ccccc4)[nH]c(=O)c3cc2F)n1,1,[*]c1cc2nc(-c3ccccc3)[nH]c(=O)c2cc1F,*c1nncc(C(=C)C)n1,0.6039214,0.6039,1.0,0.0,0.8597802,-11.5752,1.0,1.0,[],99,eKRG8H$46YedcQ6$w9bv6LLdLc4
8.3605,13.847,89.5566,0.80784,CC(=O)n1ccc(-c2cc3nc(-c4ccccc4)[nH]c(=O)c3cc2F)n1,1,[*]c1cc2nc(-c3ccccc3)[nH]c(=O)c2cc1F,*c1ccn(C(C)=O)n1,0.6028744,0.6029,1.0,0.0,0.8594998,-11.5731,1.0,1.0,[],116,bb9iQa%XEgr$3uK7j0FHfcYIofs
9.4452,15.7929,87.6185,0.8079016,N#Cc1ccnnc1-c1cc2nc(-c3ccccc3)[nH]c(=O)c2cc1F,1,[*]c1cc2nc(-c3ccccc3)[nH]c(=O)c2cc1F,*c1nnccc1C#N,0.60338,0.6034,1.0,0.0,0.8593578,-11.5721,1.0,1.0,[],43,FIqC8LlpDaAF0n36BCSmp%p9IoU
8.4973,9.6523,100.5645,0.8610688,CC(=O)CCc1cc2nc(-c3ccccc3)[nH]c(=O)c2cc1F,1,[*]c1cc2nc(-c3ccccc3)[nH]c(=O)c2cc1F,*CCC(C)=O,0.8043138,0.8043,1.0,0.0,0.859175,-11.5708,1.0,1.0,[],125,O2AqAjAOA8TtfdiG%n1azPD5GBQ
7.2788,12.1595,91.7246,0.8115944,N#CCn1cc(-c2cc3nc(-c4ccccc4)[nH]c(=O)c3cc2F)cn1,1,[*]c1cc2nc(-c3ccccc3)[nH]c(=O)c2cc1F,*c1cnn(CC#N)c1,0.6178768,0.6179,1.0,0.0,0.8584361,-11.5655,1.0,1.0,[],176,2bqhLBUdmANMN8WS2mVHKjcZV3w
10.2828,9.9296,93.5566,0.8084859,O=c1[nH]c(-c2ccccc2)nc2cc(CCc3ccccn3)c(F)cc12,1,[*]c1cc2nc(-c3ccccc3)[nH]c(=O)c2cc1F,*CCc1ccccn1,0.6099896,0.61,1.0,0.0,0.8571718,-11.5565,1.0,1.0,[],8,cHMUAP5e2mtqecI0iHKpAnhoAig
11.3974,13.0435,90.2597,0.8070558,CN(C)c1ccc(-c2cc3nc(-c4ccccc4)[nH]c(=O)c3cc2F)o1,1,[*]c1cc2nc(-c3ccccc3)[nH]c(=O)c2cc1F,*c1ccc(N(C)C)o1,0.6059222,0.6059,1.0,0.0,0.8568072,-11.5539,1.0,1.0,[],170,nldXsBNxw8maES4Gp$H7NLKLtWQ
13.8519,16.7394,86.3861,0.8056681,COc1cc(-c2cc3nc(-c4ccccc4)[nH]c(=O)c3cc2F)oc(=O)c1,1,[*]c1cc2nc(-c3ccccc3)[nH]c(=O)c2cc1F,*c1cc(OC)cc(=O)o1,0.6024876,0.6025,1.0,0.0,0.8562191,-11.5498,1.0,1.0,[],172,rlX5KV41WLbJoBBQZ%aoDKsWiBI
8.461,9.53,94.0657,0.809341,Cn1cc(-c2cc3nc(-c4ccccc4)[nH]c(=O)c3cc2F)nn1,1,[*]c1cc2nc(-c3ccccc3)[nH]c(=O)c2cc1F,*c1cn(C)nn1,0.6153359,0.6153,1.0,0.0,0.8560385,-11.5485,1.0,1.0,[],120,3KyK697dfZ5oVM3jKAKLKFDbBGM
12.3091,14.026,-0.3914,0.1065198,CC(CNc1cc2nc(-c3ccccc3)[nH]c(=O)c2cc1F)CN1CCOCC1,1,[*]c1cc2nc(-c3ccccc3)[nH]c(=O)c2cc1F,*NCC(C)CN1CCOCC1,0.6700597,0.6701,0.0,1.0,0.855935,-11.5478,1.0,1.0,[],9,h5xLRfhuNckQQasGYcpDa4MFhsk
9.0431,16.5414,87.0047,0.8089541,CCn1nc(C)c(-c2cc3nc(-c4ccccc4)[nH]c(=O)c3cc2F)n1,1,[*]c1cc2nc(-c3ccccc3)[nH]c(=O)c2cc1F,*c1nn(CC)nc1C,0.6155064,0.6155,1.0,0.0,0.8553456,-11.5436,1.0,1.0,[],100,roPi2%WMYlUi1DjOhoobPhvugnw
6.9633,7.7006,100.5368,0.8456048,O=c1[nH]c(-c2ccccc2)nc2cc(CCCl)c(F)cc12,1,[*]c1cc2nc(-c3ccccc3)[nH]c(=O)c2cc1F,*CCCl,0.7525674,0.7526,1.0,0.0,0.8548752,-11.5403,1.0,1.0,[],4,qcWpkARNa%Rk2MsXoIHr7dorgjw
9.3514,15.0727,87.9512,0.8048743,CCC(=O)n1cc(-c2cc3nc(-c4ccccc4)[nH]c(=O)c3cc2F)cn1,1,[*]c1cc2nc(-c3ccccc3)[nH]c(=O)c2cc1F,*c1cnn(C(=O)CC)c1,0.6032541,0.6033,1.0,0.0,0.8545917,-11.5383,1.0,1.0,[],131,%qJRX6qa0yf6TBIb9V3f1kRECw0
8.2144,12.0309,90.8388,0.8036695,CCc1ccc(-c2cc3nc(-c4ccccc4)[nH]c(=O)c3cc2F)nc1,1,[*]c1cc2nc(-c3ccccc3)[nH]c(=O)c2cc1F,*c1ccc(CC)cn1,0.6002978,0.6003,1.0,0.0,0.8540711,-11.5347,1.0,1.0,[],107,KXmNm4jxhqT2tW%YpX%AEaqFTvw
9.4356,7.276,100.4935,0.8419492,O=c1[nH]c(-c2ccccc2)nc2cc(NC3CCCCC3)c(F)cc12,1,[*]c1cc2nc(-c3ccccc3)[nH]c(=O)c2cc1F,*NC1CCCCC1,0.7410108,0.741,1.0,0.0,0.8537301,-11.5323,1.0,1.0,[],8,2xXRv4uvTEuzd97w8Kele9oW6Eg
14.5165,27.8173,77.0776,0.8194913,C=CCN1C=C(c2cc3nc(-c4ccccc4)[nH]c(=O)c3cc2F)C=C(C#N)C1=C,1,[*]c1cc2nc(-c3ccccc3)[nH]c(=O)c2cc1F,*c1cc(C#N)c(=C)n(CC=C)c1,0.6576009,0.6576,1.0,0.0,0.8530917,-11.5279,1.0,1.0,[],168,fiuzb%Y5FyI40S$p%Fq1L32byz0
7.0573,12.359,90.8231,0.8061101,CCCn1cc(-c2cc3nc(-c4ccccc4)[nH]c(=O)c3cc2F)nn1,1,[*]c1cc2nc(-c3ccccc3)[nH]c(=O)c2cc1F,*c1cn(CCC)nn1,0.6125527,0.6126,1.0,0.0,0.8522043,-11.5218,1.0,1.0,[],108,894leUpTvyre5TYKPqUt6ITuD9E
9.8665,9.8665,4.1777,0.1097203,O=c1[nH]c(-c2ccccc2)nc2cc(N[C@@H]3CCOC3)c(F)cc12,1,[*]c1cc2nc(-c3ccccc3)[nH]c(=O)c2cc1F,*N[C@@H]1CCOC1,0.7768669,0.7769,0.0,1.0,0.8517557,-11.5187,1.0,1.0,[],1,Xw7Noyzpm$FJ8JZKRsYzqdSIhUg
9.2207,11.5772,91.6302,0.8063074,COc1cncc(-c2cc3nc(-c4ccccc4)[nH]c(=O)c3cc2F)n1,1,[*]c1cc2nc(-c3ccccc3)[nH]c(=O)c2cc1F,*c1cncc(OC)n1,0.6148707,0.6149,1.0,0.0,0.8514446,-11.5165,1.0,1.0,[],87,6v4HltpjQlkvuuQBjPlezf21v$Q
9.7025,22.0423,81.2128,0.8066803,C=Cc1cnc(-c2cc3nc(-c4ccccc4)[nH]c(=O)c3cc2F)nn1,1,[*]c1cc2nc(-c3ccccc3)[nH]c(=O)c2cc1F,*c1nnc(C=C)cn1,0.616155,0.6162,1.0,0.0,0.8514428,-11.5165,1.0,1.0,[],123,0azXZZML5$uQWH$S9mE51kR7snY
7.8806,9.2617,93.7805,0.8050166,Cc1ncc(-c2cc3nc(-c4ccccc4)[nH]c(=O)c3cc2F)o1,1,[*]c1cc2nc(-c3ccccc3)[nH]c(=O)c2cc1F,*c1cnc(C)o1,0.6109587,0.611,1.0,0.0,0.8512099,-11.5149,1.0,1.0,[],6,MwHO1nejnVN8C2DK2Y4c5oBroCk
7.3394,9.892,93.1426,0.8049576,COc1cccc(-c2cc3nc(-c4ccccc4)[nH]c(=O)c3cc2F)n1,1,[*]c1cc2nc(-c3ccccc3)[nH]c(=O)c2cc1F,*c1cccc(OC)n1,0.6120148,0.612,1.0,0.0,0.8506264,-11.5109,1.0,1.0,[],106,Q2SaiFc35F078Q8MFuJIa3WMFAQ
