Agent,Prior,Target,Score,SMILES,SMILES_state,Input_Scaffold,R-groups,QED,QED (raw),Stereo,Stereo (raw),dG_Qptuna,dG_Qptuna (raw),Matching SMARTS,Matching SMARTS (raw),Alerts,Alerts (raw),matchting_patterns (Alerts),step
8.8064,28.0248,75.3019,0.8072399,O=C(NC(c1ccc(Cl)cc1)c1cc(N2CCCCC2)co1)c1ccc(N2CCC(O)C2)cc1,1,[*]C(NC(=O)c1ccc(N2CCC(O)C2)cc1)c1ccc(Cl)cc1,*c1cc(N2CCCCC2)co1,0.5195818,0.5196,1.0,2.0,0.9709066,-8.0234,1.0,1.0,1.0,1.0,[],119
8.9528,29.0338,73.5184,0.8011893,Cn1cc(N2CCCCC2)cc1C(NC(=O)c1ccc(N2CCC(O)C2)cc1)c1ccc(Cl)cc1,1,[*]C(NC(=O)c1ccc(N2CCC(O)C2)cc1)c1ccc(Cl)cc1,*c1cc(N2CCCCC2)cn1C,0.5205825,0.5206,1.0,2.0,0.9578859,-7.8569,1.0,1.0,1.0,1.0,[],148
8.9444,28.4493,73.2098,0.7942116,Cn1cc(N2CCCCC2)cc(C(NC(=O)c2ccc(N3CCC(O)C3)cc2)c2ccc(Cl)cc2)c1=O,1,[*]C(NC(=O)c1ccc(N2CCC(O)C2)cc1)c1ccc(Cl)cc1,*c1cc(N2CCCCC2)cn(C)c1=O,0.5110475,0.511,1.0,2.0,0.9527882,-7.8049,1.0,1.0,1.0,1.0,[],136
9.6332,24.847,78.1857,0.8049436,O=C(NC(c1ccc(Cl)cc1)c1ncc(N2CCCCC2)cn1)c1ccc(N2CCC(O)C2)cc1,1,[*]C(NC(=O)c1ccc(N2CCC(O)C2)cc1)c1ccc(Cl)cc1,*c1ncc(N2CCCCC2)cn1,0.537264,0.5373,1.0,2.0,0.9502734,-7.7813,1.0,1.0,1.0,1.0,[],100
7.4984,23.6121,78.2517,0.795811,O=C(NC(c1ccc(Cl)cc1)c1ccc(N2CCCCC2)cn1)c1ccc(N2CCC(O)C2)cc1,1,[*]C(NC(=O)c1ccc(N2CCC(O)C2)cc1)c1ccc(Cl)cc1,*c1ccc(N2CCCCC2)cn1,0.5183857,0.5184,1.0,2.0,0.9491978,-7.7715,1.0,1.0,1.0,1.0,[],135
9.3723,27.6694,73.1443,0.787607,O=C(NC(c1ccc(Cl)cc1)c1ncc(N2CCCCCC2)cn1)c1ccc(N2CCC(O)C2)cc1,1,[*]C(NC(=O)c1ccc(N2CCC(O)C2)cc1)c1ccc(Cl)cc1,*c1ncc(N2CCCCCC2)cn1,0.5092506,0.5093,1.0,2.0,0.9412756,-7.7049,1.0,1.0,1.0,1.0,[],92
6.9204,23.4913,77.9408,0.7924388,O=C(NC(c1ccc(Cl)cc1)c1nnc(N2CCCCC2)s1)c1ccc(N2CCC(O)C2)cc1,1,[*]C(NC(=O)c1ccc(N2CCC(O)C2)cc1)c1ccc(Cl)cc1,*c1nnc(N2CCCCC2)s1,0.5289469,0.5289,1.0,2.0,0.9330469,-7.6441,1.0,1.0,1.0,1.0,[],68
9.2356,26.431,73.8993,0.7838303,Cc1cc(C(NC(=O)c2ccc(N3CCC(O)C3)cc2)c2ccc(Cl)cc2)nnc1N1CCCCC1,1,[*]C(NC(=O)c1ccc(N2CCC(O)C2)cc1)c1ccc(Cl)cc1,*c1cc(C)c(N2CCCCC2)nn1,0.5123869,0.5124,1.0,2.0,0.9309029,-7.6294,1.0,1.0,1.0,1.0,[],168
6.9875,23.7846,76.6416,0.7845801,O=C(NC(c1ccc(Cl)cc1)c1cc(N2CCCCC2)ccn1)c1ccc(N2CCC(O)C2)cc1,1,[*]C(NC(=O)c1ccc(N2CCC(O)C2)cc1)c1ccc(Cl)cc1,*c1cc(N2CCCCC2)ccn1,0.5183857,0.5184,1.0,2.0,0.9269771,-7.6036,1.0,1.0,1.0,1.0,[],174
10.0549,26.9936,73.2819,0.7834027,O=C(NC(c1ccc(Cl)cc1)c1cocc1N1CCCCC1)c1ccc(N2CCC(O)C2)cc1,1,[*]C(NC(=O)c1ccc(N2CCC(O)C2)cc1)c1ccc(Cl)cc1,*c1cocc1N1CCCCC1,0.5195818,0.5196,1.0,2.0,0.9235948,-7.5824,1.0,1.0,1.0,1.0,[],180
8.3828,32.9962,67.8082,0.7875347,O=C(NC(c1ccc(Cl)cc1)c1snnc1N1CCCCC1)c1ccc(N2CCC(O)C2)cc1,1,[*]C(NC(=O)c1ccc(N2CCC(O)C2)cc1)c1ccc(Cl)cc1,*c1snnc1N1CCCCC1,0.5289469,0.5289,1.0,2.0,0.9234431,-7.5814,1.0,1.0,1.0,1.0,[],177
8.2439,24.0598,75.7777,0.7799806,Cc1nn(C)c(N2CCCCC2)c1C(NC(=O)c1ccc(N2CCC(O)C2)cc1)c1ccc(Cl)cc1,1,[*]C(NC(=O)c1ccc(N2CCC(O)C2)cc1)c1ccc(Cl)cc1,*c1c(C)nn(C)c1N1CCCCC1,0.5149665,0.515,1.0,2.0,0.9209799,-7.5665,1.0,1.0,1.0,1.0,[],140
10.221,29.1479,70.5006,0.7785039,Cc1cnc(N2CCCCC2)c(C(NC(=O)c2ccc(N3CCC(O)C3)cc2)c2ccc(Cl)cc2)n1,1,[*]C(NC(=O)c1ccc(N2CCC(O)C2)cc1)c1ccc(Cl)cc1,*c1nc(C)cnc1N1CCCCC1,0.5123869,0.5124,1.0,2.0,0.9203838,-7.563,1.0,1.0,1.0,1.0,[],68
12.6246,31.7991,67.5764,0.7763709,N#Cc1cnc(C(NC(=O)c2ccc(N3CCC(O)C3)cc2)c2ccc(Cl)cc2)c(N2CCCCC2)n1,1,[*]C(NC(=O)c1ccc(N2CCC(O)C2)cc1)c1ccc(Cl)cc1,*c1ncc(C#N)nc1N1CCCCC1,0.5081601,0.5082,1.0,2.0,0.9199873,-7.5606,1.0,1.0,1.0,1.0,[],55
8.4863,24.3255,75.2379,0.7778389,Cc1ncc(C(NC(=O)c2ccc(N3CCC(O)C3)cc2)c2ccc(Cl)cc2)c(N2CCCCC2)n1,1,[*]C(NC(=O)c1ccc(N2CCC(O)C2)cc1)c1ccc(Cl)cc1,*c1cnc(C)nc1N1CCCCC1,0.5123869,0.5124,1.0,2.0,0.9190738,-7.5553,1.0,1.0,1.0,1.0,[],143
10.1111,26.3449,74.9989,0.7917489,O=C(NC(c1ccc(Cl)cc1)c1nocc1N1CCCCC1)c1ccc(N2CCC(O)C2)cc1,1,[*]C(NC(=O)c1ccc(N2CCC(O)C2)cc1)c1ccc(Cl)cc1,*c1nocc1N1CCCCC1,0.5435931,0.5436,1.0,2.0,0.9190564,-7.5552,1.0,1.0,1.0,1.0,[],144
8.0661,31.5491,68.4572,0.7812989,Cc1nnc(C(NC(=O)c2ccc(N3CCC(O)C3)cc2)c2ccc(Cl)cc2)nc1N1CCCCC1,1,[*]C(NC(=O)c1ccc(N2CCC(O)C2)cc1)c1ccc(Cl)cc1,*c1nnc(C)c(N2CCCCC2)n1,0.5230048,0.523,1.0,2.0,0.9164509,-7.5402,1.0,1.0,1.0,1.0,[],172
10.7891,30.8331,68.1624,0.7734028,N#Cc1cc(N2CCCCC2)c(C(NC(=O)c2ccc(N3CCC(O)C3)cc2)c2ccc(Cl)cc2)nn1,1,[*]C(NC(=O)c1ccc(N2CCC(O)C2)cc1)c1ccc(Cl)cc1,*c1nnc(C#N)cc1N1CCCCC1,0.5081601,0.5082,1.0,2.0,0.9141327,-7.5272,1.0,1.0,1.0,1.0,[],178
7.6068,28.363,71.2511,0.7782351,Cn1cc(C(NC(=O)c2ccc(N3CCC(O)C3)cc2)c2ccc(Cl)cc2)c(N2CCCCC2)c1,1,[*]C(NC(=O)c1ccc(N2CCC(O)C2)cc1)c1ccc(Cl)cc1,*c1cn(C)cc1N1CCCCC1,0.5205825,0.5206,1.0,2.0,0.9125849,-7.5187,1.0,1.0,1.0,1.0,[],151
15.1779,35.4617,63.6467,0.7742842,Cc1cnc(C(NC(=O)c2ccc(N3CCC(O)C3)cc2)c2ccc(Cl)cc2)c(N2CCCCC2)n1,1,[*]C(NC(=O)c1ccc(N2CCC(O)C2)cc1)c1ccc(Cl)cc1,*c1c(N2CCCCC2)nc(C)cn1,0.5123869,0.5124,1.0,2.0,0.9120843,-7.516,1.0,1.0,1.0,1.0,[],120
8.5803,31.779,67.515,0.7757347,Cc1c(C(NC(=O)c2ccc(N3CCC(O)C3)cc2)c2ccc(Cl)cc2)noc1N1CCCCC1,1,[*]C(NC(=O)c1ccc(N2CCC(O)C2)cc1)c1ccc(Cl)cc1,*c1noc(N2CCCCC2)c1C,0.5158572,0.5159,1.0,2.0,0.9118512,-7.5147,1.0,1.0,1.0,1.0,[],144
8.0219,31.5416,69.0641,0.7859823,O=C(NC(c1ccc(Cl)cc1)c1nnnc(N2CCCCC2)n1)c1ccc(N2CCC(O)C2)cc1,1,[*]C(NC(=O)c1ccc(N2CCC(O)C2)cc1)c1ccc(Cl)cc1,*c1nnnc(N2CCCCC2)n1,0.5393147,0.5393,1.0,2.0,0.9115214,-7.5129,1.0,1.0,1.0,1.0,[],179
7.8747,25.1601,75.7208,0.788132,Cn1c(C(NC(=O)c2ccc(N3CCC(O)C3)cc2)c2ccc(Cl)cc2)nnc1N1CCCCC1,1,[*]C(NC(=O)c1ccc(N2CCC(O)C2)cc1)c1ccc(Cl)cc1,*c1nnc(N2CCCCC2)n1C,0.5447349,0.5447,1.0,2.0,0.9111131,-7.5107,1.0,1.0,1.0,1.0,[],73
12.5306,22.7522,77.7408,0.7851015,Cn1ncc(C(NC(=O)c2ccc(N3CCC(O)C3)cc2)c2ccc(Cl)cc2)c1N1CCCCC1,1,[*]C(NC(=O)c1ccc(N2CCC(O)C2)cc1)c1ccc(Cl)cc1,*c1cnn(C)c1N1CCCCC1,0.5392565,0.5393,1.0,2.0,0.9098687,-7.5041,1.0,1.0,1.0,1.0,[],80
9.021,27.7975,72.8642,0.7864195,O=C(NC(c1ccc(Cl)cc1)c1cnc(N2CCCCC2)nn1)c1ccc(N2CCC(O)C2)cc1,1,[*]C(NC(=O)c1ccc(N2CCC(O)C2)cc1)c1ccc(Cl)cc1,*c1cnc(N2CCCCC2)nn1,0.5424719,0.5425,1.0,2.0,0.9097076,-7.5033,1.0,1.0,1.0,1.0,[],70
12.7637,33.7287,65.1817,0.7727382,Cc1cnnc(N2CCCCC2)c1C(NC(=O)c1ccc(N2CCC(O)C2)cc1)c1ccc(Cl)cc1,1,[*]C(NC(=O)c1ccc(N2CCC(O)C2)cc1)c1ccc(Cl)cc1,*c1c(C)cnnc1N1CCCCC1,0.5123869,0.5124,1.0,2.0,0.909051,-7.4998,1.0,1.0,1.0,1.0,[],66
8.5873,26.4841,73.8405,0.7837862,O=C(NC(c1ccc(Cl)cc1)c1nnccc1N1CCCCC1)c1ccc(N2CCC(O)C2)cc1,1,[*]C(NC(=O)c1ccc(N2CCC(O)C2)cc1)c1ccc(Cl)cc1,*c1nnccc1N1CCCCC1,0.537264,0.5373,1.0,2.0,0.9090104,-7.4996,1.0,1.0,1.0,1.0,[],148
8.6292,25.7996,74.0254,0.7798825,O=C(NC(c1ccc(Cl)cc1)c1nc(N2CCCCC2)ns1)c1ccc(N2CCC(O)C2)cc1,1,[*]C(NC(=O)c1ccc(N2CCC(O)C2)cc1)c1ccc(Cl)cc1,*c1nc(N2CCCCC2)ns1,0.5289469,0.5289,1.0,2.0,0.908537,-7.4971,1.0,1.0,1.0,1.0,[],144
8.3702,26.0975,74.157,0.783239,O=C(NC(c1ccc(Cl)cc1)c1ncncc1N1CCCCC1)c1ccc(N2CCC(O)C2)cc1,1,[*]C(NC(=O)c1ccc(N2CCC(O)C2)cc1)c1ccc(Cl)cc1,*c1ncncc1N1CCCCC1,0.537264,0.5373,1.0,2.0,0.9079529,-7.4941,1.0,1.0,1.0,1.0,[],153
8.5375,22.1039,78.1418,0.7831695,O=C(NC(c1ccc(Cl)cc1)c1cc(N2CCCCC2)ncn1)c1ccc(N2CCC(O)C2)cc1,1,[*]C(NC(=O)c1ccc(N2CCC(O)C2)cc1)c1ccc(Cl)cc1,*c1cc(N2CCCCC2)ncn1,0.537264,0.5373,1.0,2.0,0.9078187,-7.4934,1.0,1.0,1.0,1.0,[],140
7.7774,26.7526,72.4843,0.7752886,O=C(NC(c1ccc(Cl)cc1)c1ccc(N2CCCCC2)o1)c1ccc(N2CCC(O)C2)cc1,1,[*]C(NC(=O)c1ccc(N2CCC(O)C2)cc1)c1ccc(Cl)cc1,*c1ccc(N2CCCCC2)o1,0.5195818,0.5196,1.0,2.0,0.9077064,-7.4928,1.0,1.0,1.0,1.0,[],122
7.115,32.522,65.915,0.7690392,O=C(NC(c1ccc(Cl)cc1)c1sncc1N1CCCCC1)c1ccc(N2CCC(O)C2)cc1,1,[*]C(NC(=O)c1ccc(N2CCC(O)C2)cc1)c1ccc(Cl)cc1,*c1sncc1N1CCCCC1,0.5088822,0.5089,1.0,2.0,0.9049103,-7.4785,1.0,1.0,1.0,1.0,[],159
10.3422,25.0144,75.3816,0.7843442,O=C(NC(c1ccc(Cl)cc1)c1cnc(N2CCCCC2)o1)c1ccc(N2CCC(O)C2)cc1,1,[*]C(NC(=O)c1ccc(N2CCC(O)C2)cc1)c1ccc(Cl)cc1,*c1cnc(N2CCCCC2)o1,0.5435931,0.5436,1.0,2.0,0.9047756,-7.4778,1.0,1.0,1.0,1.0,[],81
9.3625,33.6561,64.9722,0.7705336,Cc1c(C(NC(=O)c2ccc(N3CCC(O)C3)cc2)c2ccc(Cl)cc2)cnnc1N1CCCCC1,1,[*]C(NC(=O)c1ccc(N2CCC(O)C2)cc1)c1ccc(Cl)cc1,*c1cnnc(N2CCCCC2)c1C,0.5123869,0.5124,1.0,2.0,0.9047326,-7.4776,1.0,1.0,1.0,1.0,[],176
6.5308,31.6639,67.4892,0.7746341,Cc1nc(N2CCCCC2)nnc1C(NC(=O)c1ccc(N2CCC(O)C2)cc1)c1ccc(Cl)cc1,1,[*]C(NC(=O)c1ccc(N2CCC(O)C2)cc1)c1ccc(Cl)cc1,*c1nnc(N2CCCCC2)nc1C,0.5230048,0.523,1.0,2.0,0.9034584,-7.4712,1.0,1.0,1.0,1.0,[],76
7.1126,21.3315,79.4205,0.7871256,O=C(NC(c1ccc(Cl)cc1)c1nnc(N2CCCCC2)o1)c1ccc(N2CCC(O)C2)cc1,1,[*]C(NC(=O)c1ccc(N2CCC(O)C2)cc1)c1ccc(Cl)cc1,*c1nnc(N2CCCCC2)o1,0.5524929,0.5525,1.0,2.0,0.9027692,-7.4678,1.0,1.0,1.0,1.0,[],65
9.5038,25.8962,72.504,0.7687522,Cc1ncc(N2CCCCC2)c(C(NC(=O)c2ccc(N3CCC(O)C3)cc2)c2ccc(Cl)cc2)n1,1,[*]C(NC(=O)c1ccc(N2CCC(O)C2)cc1)c1ccc(Cl)cc1,*c1nc(C)ncc1N1CCCCC1,0.5123869,0.5124,1.0,2.0,0.9012492,-7.4603,1.0,1.0,1.0,1.0,[],141
8.1505,26.4422,73.4066,0.7800688,Cn1cnc(C(NC(=O)c2ccc(N3CCC(O)C3)cc2)c2ccc(Cl)cc2)c1N1CCCCC1,1,[*]C(NC(=O)c1ccc(N2CCC(O)C2)cc1)c1ccc(Cl)cc1,*c1ncn(C)c1N1CCCCC1,0.5392565,0.5393,1.0,2.0,0.9001685,-7.4551,1.0,1.0,1.0,1.0,[],147
10.8272,24.2628,75.4398,0.7789267,O=C(NC(c1ccc(Cl)cc1)c1ccc(N2CCCCC2)nn1)c1ccc(N2CCC(O)C2)cc1,1,[*]C(NC(=O)c1ccc(N2CCC(O)C2)cc1)c1ccc(Cl)cc1,*c1ccc(N2CCCCC2)nn1,0.537264,0.5373,1.0,2.0,0.8996367,-7.4525,1.0,1.0,1.0,1.0,[],52
6.3438,30.3185,69.4808,0.7796822,O=C(NC(c1ccc(Cl)cc1)c1nnc(N2CCCCC2)nn1)c1ccc(N2CCC(O)C2)cc1,1,[*]C(NC(=O)c1ccc(N2CCC(O)C2)cc1)c1ccc(Cl)cc1,*c1nnc(N2CCCCC2)nn1,0.5393147,0.5393,1.0,2.0,0.8993767,-7.4512,1.0,1.0,1.0,1.0,[],77
7.5739,18.1288,80.8295,0.7731115,O=C(NC(c1ccc(Cl)cc1)c1ccc(N2CCCC2)cc1)c1ccc(N2CCC(O)C2)cc1,1,[*]C(NC(=O)c1ccc(N2CCC(O)C2)cc1)c1ccc(Cl)cc1,*c1ccc(N2CCCC2)cc1,0.5246518,0.5247,1.0,2.0,0.8990862,-7.4499,1.0,1.0,1.0,1.0,[],34
8.3595,26.3878,73.6904,0.7818609,Cn1nc(C(NC(=O)c2ccc(N3CCC(O)C3)cc2)c2ccc(Cl)cc2)nc1N1CCCCC1,1,[*]C(NC(=O)c1ccc(N2CCC(O)C2)cc1)c1ccc(Cl)cc1,*c1nc(N2CCCCC2)n(C)n1,0.5447349,0.5447,1.0,2.0,0.8990625,-7.4497,1.0,1.0,1.0,1.0,[],66
7.6246,25.7643,73.9833,0.7792785,Cn1nc(C(NC(=O)c2ccc(N3CCC(O)C3)cc2)c2ccc(Cl)cc2)cc1N1CCCCC1,1,[*]C(NC(=O)c1ccc(N2CCC(O)C2)cc1)c1ccc(Cl)cc1,*c1cc(N2CCCCC2)n(C)n1,0.5392565,0.5393,1.0,2.0,0.8986491,-7.4478,1.0,1.0,1.0,1.0,[],103
9.9306,30.199,67.8237,0.7658023,O=C(NC(c1ccc(Cl)cc1)c1scnc1N1CCCCC1)c1ccc(N2CCC(O)C2)cc1,1,[*]C(NC(=O)c1ccc(N2CCC(O)C2)cc1)c1ccc(Cl)cc1,*c1scnc1N1CCCCC1,0.5088822,0.5089,1.0,2.0,0.8985711,-7.4474,1.0,1.0,1.0,1.0,[],142
7.5029,31.1552,67.4822,0.7706043,Cn1ccc(C(NC(=O)c2ccc(N3CCC(O)C3)cc2)c2ccc(Cl)cc2)c1N1CCCCC1,1,[*]C(NC(=O)c1ccc(N2CCC(O)C2)cc1)c1ccc(Cl)cc1,*c1ccn(C)c1N1CCCCC1,0.5205825,0.5206,1.0,2.0,0.8977202,-7.4434,1.0,1.0,1.0,1.0,[],155
10.4718,27.4514,73.1195,0.7857104,O=C(NC(c1ccc(Cl)cc1)c1cc(N2CCCC2)co1)c1ccc(N2CCC(O)C2)cc1,1,[*]C(NC(=O)c1ccc(N2CCC(O)C2)cc1)c1ccc(Cl)cc1,*c1cc(N2CCCC2)co1,0.5554324,0.5554,1.0,2.0,0.8976808,-7.4432,1.0,1.0,1.0,1.0,[],134
9.79,22.5532,77.01,0.7778376,O=C(NC(c1ccc(Cl)cc1)c1nccnc1N1CCCCC1)c1ccc(N2CCC(O)C2)cc1,1,[*]C(NC(=O)c1ccc(N2CCC(O)C2)cc1)c1ccc(Cl)cc1,*c1nccnc1N1CCCCC1,0.537264,0.5373,1.0,2.0,0.897541,-7.4425,1.0,1.0,1.0,1.0,[],60
7.7037,27.8487,71.8152,0.7786242,Cn1ncc(N2CCCCC2)c1C(NC(=O)c1ccc(N2CCC(O)C2)cc1)c1ccc(Cl)cc1,1,[*]C(NC(=O)c1ccc(N2CCC(O)C2)cc1)c1ccc(Cl)cc1,*c1c(N2CCCCC2)cnn1C,0.5392565,0.5393,1.0,2.0,0.8973919,-7.4418,1.0,1.0,1.0,1.0,[],146
11.2446,29.761,68.1215,0.7647077,O=C(NC(c1ccc(Cl)cc1)c1csnc1N1CCCCC1)c1ccc(N2CCC(O)C2)cc1,1,[*]C(NC(=O)c1ccc(N2CCC(O)C2)cc1)c1ccc(Cl)cc1,*c1csnc1N1CCCCC1,0.5088822,0.5089,1.0,2.0,0.8964316,-7.4373,1.0,1.0,1.0,1.0,[],159
11.5183,23.7055,76.0797,0.7795723,O=C(NC(c1ccc(Cl)cc1)c1cc(N2CCCCC2)no1)c1ccc(N2CCC(O)C2)cc1,1,[*]C(NC(=O)c1ccc(N2CCC(O)C2)cc1)c1ccc(Cl)cc1,*c1cc(N2CCCCC2)no1,0.5435931,0.5436,1.0,2.0,0.8956199,-7.4335,1.0,1.0,1.0,1.0,[],52
11.4967,28.236,69.7741,0.7657042,Cc1c(C(NC(=O)c2ccc(N3CCC(O)C3)cc2)c2ccc(Cl)cc2)ncnc1N1CCCCC1,1,[*]C(NC(=O)c1ccc(N2CCC(O)C2)cc1)c1ccc(Cl)cc1,*c1ncnc(N2CCCCC2)c1C,0.5123869,0.5124,1.0,2.0,0.8953016,-7.432,1.0,1.0,1.0,1.0,[],53
7.6736,28.2999,70.9774,0.7756042,O=C(NC(c1ccc(Cl)cc1)c1ccnnc1N1CCCCC1)c1ccc(N2CCC(O)C2)cc1,1,[*]C(NC(=O)c1ccc(N2CCC(O)C2)cc1)c1ccc(Cl)cc1,*c1ccnnc1N1CCCCC1,0.537264,0.5373,1.0,2.0,0.89325,-7.4226,1.0,1.0,1.0,1.0,[],178
9.2441,28.3883,68.7777,0.7591093,O=C(NC(c1ccc(Cl)cc1)c1nc(N2CCCCCC2)ns1)c1ccc(N2CCC(O)C2)cc1,1,[*]C(NC(=O)c1ccc(N2CCC(O)C2)cc1)c1ccc(Cl)cc1,*c1nc(N2CCCCCC2)ns1,0.5005739,0.5006,1.0,2.0,0.8928389,-7.4207,1.0,1.0,1.0,1.0,[],87
6.554,20.8889,77.2969,0.7670764,O=C(NC(c1ccc(Cl)cc1)c1ncccc1N1CCCCC1)c1ccc(N2CCC(O)C2)cc1,1,[*]C(NC(=O)c1ccc(N2CCC(O)C2)cc1)c1ccc(Cl)cc1,*c1ncccc1N1CCCCC1,0.5183857,0.5184,1.0,2.0,0.8927665,-7.4204,1.0,1.0,1.0,1.0,[],141
12.2886,25.0569,72.557,0.7626089,O=C(NC(c1ccc(Cl)cc1)c1cc(N2CCCCCC2)ncn1)c1ccc(N2CCC(O)C2)cc1,1,[*]C(NC(=O)c1ccc(N2CCC(O)C2)cc1)c1ccc(Cl)cc1,*c1cc(N2CCCCCC2)ncn1,0.5092506,0.5093,1.0,2.0,0.892012,-7.417,1.0,1.0,1.0,1.0,[],178
6.7271,24.358,73.3989,0.7637262,Cc1cc(N2CCCCC2)nc(C(NC(=O)c2ccc(N3CCC(O)C3)cc2)c2ccc(Cl)cc2)n1,1,[*]C(NC(=O)c1ccc(N2CCC(O)C2)cc1)c1ccc(Cl)cc1,*c1nc(C)cc(N2CCCCC2)n1,0.5123869,0.5124,1.0,2.0,0.8914503,-7.4145,1.0,1.0,1.0,1.0,[],171
8.6321,25.5142,72.2159,0.7635166,Cc1cc(C(NC(=O)c2ccc(N3CCC(O)C3)cc2)c2ccc(Cl)cc2)nc(N2CCCCC2)n1,1,[*]C(NC(=O)c1ccc(N2CCC(O)C2)cc1)c1ccc(Cl)cc1,*c1cc(C)nc(N2CCCCC2)n1,0.5123869,0.5124,1.0,2.0,0.8910426,-7.4126,1.0,1.0,1.0,1.0,[],81
11.0013,24.1338,73.7476,0.7646984,Cc1nc(N2CCCCC2)oc1C(NC(=O)c1ccc(N2CCC(O)C2)cc1)c1ccc(Cl)cc1,1,[*]C(NC(=O)c1ccc(N2CCC(O)C2)cc1)c1ccc(Cl)cc1,*c1oc(N2CCCCC2)nc1C,0.5158572,0.5159,1.0,2.0,0.8903325,-7.4095,1.0,1.0,1.0,1.0,[],152
7.0988,30.7943,66.8443,0.7628016,Cc1ncc(C(NC(=O)c2ccc(N3CCC(O)C3)cc2)c2ccc(Cl)cc2)nc1N1CCCCC1,1,[*]C(NC(=O)c1ccc(N2CCC(O)C2)cc1)c1ccc(Cl)cc1,*c1cnc(C)c(N2CCCCC2)n1,0.5123869,0.5124,1.0,2.0,0.8896523,-7.4065,1.0,1.0,1.0,1.0,[],170
7.974,22.171,75.8024,0.7654179,O=C(NC(c1ccc(Cl)cc1)c1cccc(N2CCCCC2)n1)c1ccc(N2CCC(O)C2)cc1,1,[*]C(NC(=O)c1ccc(N2CCC(O)C2)cc1)c1ccc(Cl)cc1,*c1cccc(N2CCCCC2)n1,0.5183857,0.5184,1.0,2.0,0.8895516,-7.406,1.0,1.0,1.0,1.0,[],109
8.9417,31.7197,67.566,0.7756701,O=C(NC(c1ccc(Cl)cc1)c1cnnc(N2CCCCC2)n1)c1ccc(N2CCC(O)C2)cc1,1,[*]C(NC(=O)c1ccc(N2CCC(O)C2)cc1)c1ccc(Cl)cc1,*c1cnnc(N2CCCCC2)n1,0.5424719,0.5425,1.0,2.0,0.8890779,-7.4039,1.0,1.0,1.0,1.0,[],90
8.4413,24.5295,74.5431,0.7740051,Cn1cc(N2CCCCC2)c(C(NC(=O)c2ccc(N3CCC(O)C3)cc2)c2ccc(Cl)cc2)n1,1,[*]C(NC(=O)c1ccc(N2CCC(O)C2)cc1)c1ccc(Cl)cc1,*c1nn(C)cc1N1CCCCC1,0.5392565,0.5393,1.0,2.0,0.8885368,-7.4015,1.0,1.0,1.0,1.0,[],183
8.5826,27.308,70.2348,0.7620533,O=C(NC(c1ccc(Cl)cc1)c1cnc(N2CCCCCC2)o1)c1ccc(N2CCC(O)C2)cc1,1,[*]C(NC(=O)c1ccc(N2CCC(O)C2)cc1)c1ccc(Cl)cc1,*c1cnc(N2CCCCCC2)o1,0.5120261,0.512,1.0,2.0,0.8885111,-7.4014,1.0,1.0,1.0,1.0,[],120
8.1581,22.125,77.6546,0.7795282,O=C(NC(c1ccc(Cl)cc1)c1nc(N2CCCCC2)no1)c1ccc(N2CCC(O)C2)cc1,1,[*]C(NC(=O)c1ccc(N2CCC(O)C2)cc1)c1ccc(Cl)cc1,*c1nc(N2CCCCC2)no1,0.5524929,0.5525,1.0,2.0,0.8882931,-7.4005,1.0,1.0,1.0,1.0,[],64
7.9155,27.219,71.7548,0.7732333,Cn1cc(C(NC(=O)c2ccc(N3CCC(O)C3)cc2)c2ccc(Cl)cc2)nc1N1CCCCC1,1,[*]C(NC(=O)c1ccc(N2CCC(O)C2)cc1)c1ccc(Cl)cc1,*c1cn(C)c(N2CCCCC2)n1,0.5392565,0.5393,1.0,2.0,0.8870606,-7.3951,1.0,1.0,1.0,1.0,[],175
6.48,27.654,71.4863,0.774533,O=C(NC(c1ccc(Cl)cc1)c1ncnc(N2CCCCC2)n1)c1ccc(N2CCC(O)C2)cc1,1,[*]C(NC(=O)c1ccc(N2CCC(O)C2)cc1)c1ccc(Cl)cc1,*c1ncnc(N2CCCCC2)n1,0.5424719,0.5425,1.0,2.0,0.8869066,-7.3944,1.0,1.0,1.0,1.0,[],74
9.2699,34.3188,63.1262,0.761289,Cc1nncc(C(NC(=O)c2ccc(N3CCC(O)C3)cc2)c2ccc(Cl)cc2)c1N1CCCCC1,1,[*]C(NC(=O)c1ccc(N2CCC(O)C2)cc1)c1ccc(Cl)cc1,*c1cnnc(C)c1N1CCCCC1,0.5123869,0.5124,1.0,2.0,0.886714,-7.3936,1.0,1.0,1.0,1.0,[],174
6.4926,25.5093,72.5093,0.7657703,Cc1nc(C(NC(=O)c2ccc(N3CCC(O)C3)cc2)c2ccc(Cl)cc2)nc(N2CCCCC2)n1,1,[*]C(NC(=O)c1ccc(N2CCC(O)C2)cc1)c1ccc(Cl)cc1,*c1nc(C)nc(N2CCCCC2)n1,0.5230048,0.523,1.0,2.0,0.8862944,-7.3918,1.0,1.0,1.0,1.0,[],81
6.7927,23.6146,74.7326,0.7683375,O=C(NC(c1ccc(Cl)cc1)c1nnc(N2CCCCCC2)o1)c1ccc(N2CCC(O)C2)cc1,1,[*]C(NC(=O)c1ccc(N2CCC(O)C2)cc1)c1ccc(Cl)cc1,*c1nnc(N2CCCCCC2)o1,0.5289789,0.529,1.0,2.0,0.8862051,-7.3914,1.0,1.0,1.0,1.0,[],76
11.7994,34.578,62.8944,0.7615035,Cn1ncc(C(NC(=O)c2ccc(N3CCC(O)C3)cc2)c2ccc(Cl)cc2)c(N2CCCCC2)c1=O,1,[*]C(NC(=O)c1ccc(N2CCC(O)C2)cc1)c1ccc(Cl)cc1,*c1cnn(C)c(=O)c1N1CCCCC1,0.515656,0.5157,1.0,2.0,0.8843141,-7.3833,1.0,1.0,1.0,1.0,[],170
9.8392,25.0145,72.4592,0.7615139,Cc1noc(C(NC(=O)c2ccc(N3CCC(O)C3)cc2)c2ccc(Cl)cc2)c1N1CCCCC1,1,[*]C(NC(=O)c1ccc(N2CCC(O)C2)cc1)c1ccc(Cl)cc1,*c1onc(C)c1N1CCCCC1,0.5158572,0.5159,1.0,2.0,0.8841617,-7.3827,1.0,1.0,1.0,1.0,[],140
9.6988,27.4176,69.5776,0.757775,O=C(NC(c1ccc(Cl)cc1)c1ccc(N2CCCCCC2)nn1)c1ccc(N2CCC(O)C2)cc1,1,[*]C(NC(=O)c1ccc(N2CCC(O)C2)cc1)c1ccc(Cl)cc1,*c1ccc(N2CCCCCC2)nn1,0.5092506,0.5093,1.0,2.0,0.8826084,-7.3761,1.0,1.0,1.0,1.0,[],74
7.5579,32.4076,65.3188,0.7634876,O=C(NC(c1ccc(Cl)cc1)c1nnc(N2CCCCCC2)nn1)c1ccc(N2CCC(O)C2)cc1,1,[*]C(NC(=O)c1ccc(N2CCC(O)C2)cc1)c1ccc(Cl)cc1,*c1nnc(N2CCCCCC2)nn1,0.5225136,0.5225,1.0,2.0,0.88231,-7.3749,1.0,1.0,1.0,1.0,[],83
9.0404,27.1732,69.3157,0.7538196,CCn1c(C(NC(=O)c2ccc(N3CCC(O)C3)cc2)c2ccc(Cl)cc2)nnc1N1CCCCC1,1,[*]C(NC(=O)c1ccc(N2CCC(O)C2)cc1)c1ccc(Cl)cc1,*c1nnc(N2CCCCC2)n1CC,0.5008197,0.5008,1.0,2.0,0.882277,-7.3747,1.0,1.0,1.0,1.0,[],64
8.0435,28.7876,69.0125,0.7640634,Cn1nc(C(NC(=O)c2ccc(N3CCC(O)C3)cc2)c2ccc(Cl)cc2)nc1N1CCCCCC1,1,[*]C(NC(=O)c1ccc(N2CCC(O)C2)cc1)c1ccc(Cl)cc1,*c1nc(N2CCCCCC2)n(C)n1,0.5242565,0.5243,1.0,2.0,0.8819497,-7.3734,1.0,1.0,1.0,1.0,[],87
7.9024,28.5419,68.5353,0.7584157,Cn1nc(C(NC(=O)c2ccc(N3CCC(O)C3)cc2)c2ccc(Cl)cc2)cc1N1CCCCCC1,1,[*]C(NC(=O)c1ccc(N2CCC(O)C2)cc1)c1ccc(Cl)cc1,*c1cc(N2CCCCCC2)n(C)n1,0.5120012,0.512,1.0,2.0,0.8814752,-7.3714,1.0,1.0,1.0,1.0,[],116
9.5009,24.3322,73.6432,0.7654334,O=C(NC(c1ccc(Cl)cc1)c1nsc(N2CCCCC2)n1)c1ccc(N2CCC(O)C2)cc1,1,[*]C(NC(=O)c1ccc(N2CCC(O)C2)cc1)c1ccc(Cl)cc1,*c1nsc(N2CCCCC2)n1,0.5289469,0.5289,1.0,2.0,0.880656,-7.368,1.0,1.0,1.0,1.0,[],44
8.7762,27.3471,69.6952,0.7581429,Cc1cnc(C(NC(=O)c2ccc(N3CCC(O)C3)cc2)c2ccc(Cl)cc2)nc1N1CCCCC1,1,[*]C(NC(=O)c1ccc(N2CCC(O)C2)cc1)c1ccc(Cl)cc1,*c1ncc(C)c(N2CCCCC2)n1,0.5123869,0.5124,1.0,2.0,0.8806151,-7.3678,1.0,1.0,1.0,1.0,[],77
10.0277,26.1409,72.5784,0.7712444,O=C(NC(c1ccc(Cl)cc1)c1nc(N2CCCCC2)co1)c1ccc(N2CCC(O)C2)cc1,1,[*]C(NC(=O)c1ccc(N2CCC(O)C2)cc1)c1ccc(Cl)cc1,*c1nc(N2CCCCC2)co1,0.5435931,0.5436,1.0,2.0,0.8797307,-7.3642,1.0,1.0,1.0,1.0,[],159
9.8348,25.8115,70.9344,0.7558267,O=C(NC(c1ccc(Cl)cc1)c1nc(N2CCCCC2)cs1)c1ccc(N2CCC(O)C2)cc1,1,[*]C(NC(=O)c1ccc(N2CCC(O)C2)cc1)c1ccc(Cl)cc1,*c1nc(N2CCCCC2)cs1,0.5088822,0.5089,1.0,2.0,0.8791476,-7.3618,1.0,1.0,1.0,1.0,[],66
13.3615,32.5357,64.2961,0.7564988,Cn1cc(N2CCCCC2)c(=O)cc1C(NC(=O)c1ccc(N2CCC(O)C2)cc1)c1ccc(Cl)cc1,1,[*]C(NC(=O)c1ccc(N2CCC(O)C2)cc1)c1ccc(Cl)cc1,*c1cc(=O)c(N2CCCCC2)cn1C,0.5110475,0.511,1.0,2.0,0.8785836,-7.3595,1.0,1.0,1.0,1.0,[],177
7.2845,26.8098,71.7673,0.7701332,O=C(NC(c1ccc(Cl)cc1)c1nncc(N2CCCCC2)n1)c1ccc(N2CCC(O)C2)cc1,1,[*]C(NC(=O)c1ccc(N2CCC(O)C2)cc1)c1ccc(Cl)cc1,*c1nncc(N2CCCCC2)n1,0.5424719,0.5425,1.0,2.0,0.8785256,-7.3593,1.0,1.0,1.0,1.0,[],169
8.0247,26.4357,70.4132,0.7566326,O=C(NC(c1ccc(Cl)cc1)c1cc(N2CCCCCC2)no1)c1ccc(N2CCC(O)C2)cc1,1,[*]C(NC(=O)c1ccc(N2CCC(O)C2)cc1)c1ccc(Cl)cc1,*c1cc(N2CCCCCC2)no1,0.5120261,0.512,1.0,2.0,0.8780025,-7.3571,1.0,1.0,1.0,1.0,[],120
10.2562,30.979,67.5076,0.7694262,O=C(NC(c1ccc(Cl)cc1)c1ncc(N2CCCCC2)nn1)c1ccc(N2CCC(O)C2)cc1,1,[*]C(NC(=O)c1ccc(N2CCC(O)C2)cc1)c1ccc(Cl)cc1,*c1ncc(N2CCCCC2)nn1,0.5424719,0.5425,1.0,2.0,0.8771819,-7.3538,1.0,1.0,1.0,1.0,[],60
10.6054,25.9028,72.542,0.7691003,O=C(NC(c1ccc(Cl)cc1)c1cnoc1N1CCCCC1)c1ccc(N2CCC(O)C2)cc1,1,[*]C(NC(=O)c1ccc(N2CCC(O)C2)cc1)c1ccc(Cl)cc1,*c1cnoc1N1CCCCC1,0.5435931,0.5436,1.0,2.0,0.8756583,-7.3477,1.0,1.0,1.0,1.0,[],102
8.7977,25.8003,70.7149,0.7540252,O=C(NC(c1ccc(Cl)cc1)c1cnsc1N1CCCCC1)c1ccc(N2CCC(O)C2)cc1,1,[*]C(NC(=O)c1ccc(N2CCC(O)C2)cc1)c1ccc(Cl)cc1,*c1cnsc1N1CCCCC1,0.5088822,0.5089,1.0,2.0,0.8756579,-7.3477,1.0,1.0,1.0,1.0,[],136
8.7725,24.2244,73.8167,0.7659465,O=C(NC(c1ccc(Cl)cc1)c1cncnc1N1CCCCC1)c1ccc(N2CCC(O)C2)cc1,1,[*]C(NC(=O)c1ccc(N2CCC(O)C2)cc1)c1ccc(Cl)cc1,*c1cncnc1N1CCCCC1,0.537264,0.5373,1.0,2.0,0.8747894,-7.3443,1.0,1.0,1.0,1.0,[],110
8.4046,28.8156,67.9027,0.7556118,Cc1nc(C(NC(=O)c2ccc(N3CCC(O)C3)cc2)c2ccc(Cl)cc2)c(N2CCCCC2)n1C,1,[*]C(NC(=O)c1ccc(N2CCC(O)C2)cc1)c1ccc(Cl)cc1,*c1nc(C)n(C)c1N1CCCCC1,0.5149665,0.515,1.0,2.0,0.8735244,-7.3393,1.0,1.0,1.0,1.0,[],149
8.1542,26.0739,71.9792,0.7660401,Cn1cc(C(NC(=O)c2ccc(N3CCC(O)C3)cc2)c2ccc(Cl)cc2)c(N2CCCCC2)n1,1,[*]C(NC(=O)c1ccc(N2CCC(O)C2)cc1)c1ccc(Cl)cc1,*c1cn(C)nc1N1CCCCC1,0.5392565,0.5393,1.0,2.0,0.8733496,-7.3386,1.0,1.0,1.0,1.0,[],179
7.9664,28.8176,67.459,0.7521606,N#Cc1cnc(C(NC(=O)c2ccc(N3CCC(O)C3)cc2)c2ccc(Cl)cc2)nc1N1CCCCC1,1,[*]C(NC(=O)c1ccc(N2CCC(O)C2)cc1)c1ccc(Cl)cc1,*c1ncc(C#N)c(N2CCCCC2)n1,0.5081601,0.5082,1.0,2.0,0.8726712,-7.3359,1.0,1.0,1.0,1.0,[],183
8.5927,30.9138,64.7722,0.7475462,CCn1nnc(C(NC(=O)c2ccc(N3CCC(O)C3)cc2)c2ccc(Cl)cc2)c1N1CCCCC1,1,[*]C(NC(=O)c1ccc(N2CCC(O)C2)cc1)c1ccc(Cl)cc1,*c1nnn(CC)c1N1CCCCC1,0.5008197,0.5008,1.0,2.0,0.8700736,-7.3259,1.0,1.0,1.0,1.0,[],141
8.8481,21.0057,75.1262,0.7510301,O=C(NC(c1ccc(Cl)cc1)c1csc(N2CCCCC2)n1)c1ccc(N2CCC(O)C2)cc1,1,[*]C(NC(=O)c1ccc(N2CCC(O)C2)cc1)c1ccc(Cl)cc1,*c1csc(N2CCCCC2)n1,0.5088822,0.5089,1.0,2.0,0.8698685,-7.3251,1.0,1.0,1.0,1.0,[],36
10.3268,24.6683,72.5704,0.7596769,O=C(NC(c1ccc(Cl)cc1)c1nc(N2CCCCCC2)no1)c1ccc(N2CCC(O)C2)cc1,1,[*]C(NC(=O)c1ccc(N2CCC(O)C2)cc1)c1ccc(Cl)cc1,*c1nc(N2CCCCCC2)no1,0.5289789,0.529,1.0,2.0,0.8696191,-7.3241,1.0,1.0,1.0,1.0,[],57
8.6394,29.5967,67.1239,0.7556297,O=C(NC(c1ccc(Cl)cc1)c1ncnc(N2CCCCCC2)n1)c1ccc(N2CCC(O)C2)cc1,1,[*]C(NC(=O)c1ccc(N2CCC(O)C2)cc1)c1ccc(Cl)cc1,*c1ncnc(N2CCCCCC2)n1,0.5215414,0.5215,1.0,2.0,0.8680353,-7.3181,1.0,1.0,1.0,1.0,[],72
9.2696,27.2152,69.1715,0.7530211,Cc1noc(N2CCCCC2)c1C(NC(=O)c1ccc(N2CCC(O)C2)cc1)c1ccc(Cl)cc1,1,[*]C(NC(=O)c1ccc(N2CCC(O)C2)cc1)c1ccc(Cl)cc1,*c1c(C)noc1N1CCCCC1,0.5158572,0.5159,1.0,2.0,0.8677884,-7.3171,1.0,1.0,1.0,1.0,[],175
7.0956,25.8045,72.0873,0.7647796,Cn1nc(N2CCCCC2)nc1C(NC(=O)c1ccc(N2CCC(O)C2)cc1)c1ccc(Cl)cc1,1,[*]C(NC(=O)c1ccc(N2CCC(O)C2)cc1)c1ccc(Cl)cc1,*c1nc(N2CCCCC2)nn1C,0.5447349,0.5447,1.0,2.0,0.8665652,-7.3125,1.0,1.0,1.0,1.0,[],77
6.7028,20.0406,76.3938,0.7533934,O=C(NC(c1ccc(Cl)cc1)c1cccnc1N1CCCCC1)c1ccc(N2CCC(O)C2)cc1,1,[*]C(NC(=O)c1ccc(N2CCC(O)C2)cc1)c1ccc(Cl)cc1,*c1cccnc1N1CCCCC1,0.5183857,0.5184,1.0,2.0,0.8663828,-7.3118,1.0,1.0,1.0,1.0,[],135
7.1526,22.7382,72.9929,0.7478993,O=C(NC(c1ccc(Cl)cc1)c1cnc(N2CCCCC2)s1)c1ccc(N2CCC(O)C2)cc1,1,[*]C(NC(=O)c1ccc(N2CCC(O)C2)cc1)c1ccc(Cl)cc1,*c1cnc(N2CCCCC2)s1,0.5088822,0.5089,1.0,2.0,0.8638332,-7.3024,1.0,1.0,1.0,1.0,[],109
10.9015,26.3127,69.6065,0.7493689,Cc1cnc(N2CCCCC2)nc1C(NC(=O)c1ccc(N2CCC(O)C2)cc1)c1ccc(Cl)cc1,1,[*]C(NC(=O)c1ccc(N2CCC(O)C2)cc1)c1ccc(Cl)cc1,*c1nc(N2CCCCC2)ncc1C,0.5123869,0.5124,1.0,2.0,0.8636951,-7.3018,1.0,1.0,1.0,1.0,[],102
7.2449,22.5436,73.6059,0.7511678,O=C(NC(c1ccc(Cl)cc1)c1cnccc1N1CCCCC1)c1ccc(N2CCC(O)C2)cc1,1,[*]C(NC(=O)c1ccc(N2CCC(O)C2)cc1)c1ccc(Cl)cc1,*c1cnccc1N1CCCCC1,0.5183857,0.5184,1.0,2.0,0.8621214,-7.2961,1.0,1.0,1.0,1.0,[],131
9.0671,30.5573,64.9937,0.7464916,N#Cc1ncc(C(NC(=O)c2ccc(N3CCC(O)C3)cc2)c2ccc(Cl)cc2)nc1N1CCCCC1,1,[*]C(NC(=O)c1ccc(N2CCC(O)C2)cc1)c1ccc(Cl)cc1,*c1cnc(C#N)c(N2CCCCC2)n1,0.5081601,0.5082,1.0,2.0,0.8617367,-7.2947,1.0,1.0,1.0,1.0,[],178
8.4525,27.5774,69.6638,0.7596973,Cn1c(N2CCCCC2)cnc1C(NC(=O)c1ccc(N2CCC(O)C2)cc1)c1ccc(Cl)cc1,1,[*]C(NC(=O)c1ccc(N2CCC(O)C2)cc1)c1ccc(Cl)cc1,*c1ncc(N2CCCCC2)n1C,0.5392565,0.5393,1.0,2.0,0.8613308,-7.2932,1.0,1.0,1.0,1.0,[],138
8.1267,28.7451,66.1899,0.7416794,CCn1nc(N2CCCCC2)nc1C(NC(=O)c1ccc(N2CCC(O)C2)cc1)c1ccc(Cl)cc1,1,[*]C(NC(=O)c1ccc(N2CCC(O)C2)cc1)c1ccc(Cl)cc1,*c1nc(N2CCCCC2)nn1CC,0.5008197,0.5008,1.0,2.0,0.8587227,-7.2838,1.0,1.0,1.0,1.0,[],78
10.2594,28.3612,67.7191,0.7506273,O=C(NC(c1ccc(Cl)cc1)c1nncc(N2CCCCCC2)n1)c1ccc(N2CCC(O)C2)cc1,1,[*]C(NC(=O)c1ccc(N2CCC(O)C2)cc1)c1ccc(Cl)cc1,*c1nncc(N2CCCCCC2)n1,0.5215414,0.5215,1.0,2.0,0.8584788,-7.2829,1.0,1.0,1.0,1.0,[],90
9.5797,27.0937,69.9109,0.7578487,Cn1cc(N2CCCCC2)nc1C(NC(=O)c1ccc(N2CCC(O)C2)cc1)c1ccc(Cl)cc1,1,[*]C(NC(=O)c1ccc(N2CCC(O)C2)cc1)c1ccc(Cl)cc1,*c1nc(N2CCCCC2)cn1C,0.5392565,0.5393,1.0,2.0,0.8578405,-7.2806,1.0,1.0,1.0,1.0,[],185
7.9391,28.7459,66.7119,0.7457637,Cc1nc(C(NC(=O)c2ccc(N3CCC(O)C3)cc2)c2ccc(Cl)cc2)ncc1N1CCCCC1,1,[*]C(NC(=O)c1ccc(N2CCC(O)C2)cc1)c1ccc(Cl)cc1,*c1ncc(N2CCCCC2)c(C)n1,0.5123869,0.5124,1.0,2.0,0.8567808,-7.2769,1.0,1.0,1.0,1.0,[],186
10.2151,29.0414,66.2916,0.744789,O=C(NC(c1ccc(Cl)cc1)c1cnoc1N1CCCCCC1)c1ccc(N2CCC(O)C2)cc1,1,[*]C(NC(=O)c1ccc(N2CCC(O)C2)cc1)c1ccc(Cl)cc1,*c1cnoc1N1CCCCCC1,0.5120261,0.512,1.0,2.0,0.8552164,-7.2714,1.0,1.0,1.0,1.0,[],131
9.0993,26.2602,71.607,0.764587,O=C(NC(c1ccc(Cl)cc1)c1cc(N2CCCC2)cnn1)c1ccc(N2CCC(O)C2)cc1,1,[*]C(NC(=O)c1ccc(N2CCC(O)C2)cc1)c1ccc(Cl)cc1,*c1cc(N2CCCC2)cnn1,0.5613902,0.5614,1.0,2.0,0.8532555,-7.2645,1.0,1.0,1.0,1.0,[],179
8.8675,24.7812,70.355,0.7432521,O=C(NC(c1ccc(Cl)cc1)c1c(N2CCCCC2)c(=O)c1=O)c1ccc(N2CCC(O)C2)cc1,1,[*]C(NC(=O)c1ccc(N2CCC(O)C2)cc1)c1ccc(Cl)cc1,*c1c(N2CCCCC2)c(=O)c1=O,0.5130081,0.513,1.0,2.0,0.8514611,-7.2583,1.0,1.0,1.0,1.0,[],155
8.6118,24.5149,70.4523,0.7419315,Cc1nc(N2CCCCC2)ncc1C(NC(=O)c1ccc(N2CCC(O)C2)cc1)c1ccc(Cl)cc1,1,[*]C(NC(=O)c1ccc(N2CCC(O)C2)cc1)c1ccc(Cl)cc1,*c1cnc(N2CCCCC2)nc1C,0.5123869,0.5124,1.0,2.0,0.8494555,-7.2515,1.0,1.0,1.0,1.0,[],85
8.3145,24.141,72.1485,0.752262,O=C(NC(c1ccc(Cl)cc1)c1ccnc(N2CCCCC2)n1)c1ccc(N2CCC(O)C2)cc1,1,[*]C(NC(=O)c1ccc(N2CCC(O)C2)cc1)c1ccc(Cl)cc1,*c1ccnc(N2CCCCC2)n1,0.537264,0.5373,1.0,2.0,0.8488963,-7.2496,1.0,1.0,1.0,1.0,[],135
9.0627,26.8924,67.7615,0.7394835,O=C(NC(c1ccc(Cl)cc1)c1cc(N2CCCCC2)ns1)c1ccc(N2CCC(O)C2)cc1,1,[*]C(NC(=O)c1ccc(N2CCC(O)C2)cc1)c1ccc(Cl)cc1,*c1cc(N2CCCCC2)ns1,0.5088822,0.5089,1.0,2.0,0.8476934,-7.2455,1.0,1.0,1.0,1.0,[],159
9.9245,23.3361,71.4058,0.7401711,Cc1nc(C(NC(=O)c2ccc(N3CCC(O)C3)cc2)c2ccc(Cl)cc2)cc(N2CCCCC2)n1,1,[*]C(NC(=O)c1ccc(N2CCC(O)C2)cc1)c1ccc(Cl)cc1,*c1cc(N2CCCCC2)nc(C)n1,0.5123869,0.5124,1.0,2.0,0.846099,-7.2402,1.0,1.0,1.0,1.0,[],105
9.1534,28.3097,67.0037,0.7446363,Cn1nc(N2CCCCCC2)nc1C(NC(=O)c1ccc(N2CCC(O)C2)cc1)c1ccc(Cl)cc1,1,[*]C(NC(=O)c1ccc(N2CCC(O)C2)cc1)c1ccc(Cl)cc1,*c1nc(N2CCCCCC2)nn1C,0.5242565,0.5243,1.0,2.0,0.8448932,-7.2362,1.0,1.0,1.0,1.0,[],88
8.8018,23.4788,73.3188,0.7562311,O=C(NC(c1ccc(Cl)cc1)c1noc(N2CCCCC2)n1)c1ccc(N2CCC(O)C2)cc1,1,[*]C(NC(=O)c1ccc(N2CCC(O)C2)cc1)c1ccc(Cl)cc1,*c1noc(N2CCCCC2)n1,0.5524929,0.5525,1.0,2.0,0.8444894,-7.2348,1.0,1.0,1.0,1.0,[],58
9.9804,33.9121,60.1702,0.7350183,O=C(NC(c1ccc(Cl)cc1)c1nn(C2CC2)nc1C1CCC1)c1ccc(N2CCC(O)C2)cc1,1,[*]C(NC(=O)c1ccc(N2CCC(O)C2)cc1)c1ccc(Cl)cc1,*c1nn(C2CC2)nc1C1CCC1,0.5033904,0.5034,1.0,2.0,0.8437448,-7.2324,1.0,1.0,1.0,1.0,[],64
10.5375,27.7748,67.7462,0.7462582,Cn1cc(N2CCCC2)cc(C(NC(=O)c2ccc(N3CCC(O)C3)cc2)c2ccc(Cl)cc2)c1=O,1,[*]C(NC(=O)c1ccc(N2CCC(O)C2)cc1)c1ccc(Cl)cc1,*c1cc(N2CCCC2)cn(C)c1=O,0.5324547,0.5325,1.0,2.0,0.8414091,-7.2247,1.0,1.0,1.0,1.0,[],166
9.5064,30.2402,63.8707,0.7352414,O=C(NC(c1ccc(Cl)cc1)c1cnncc1N1CCCCCC1)c1ccc(N2CCC(O)C2)cc1,1,[*]C(NC(=O)c1ccc(N2CCC(O)C2)cc1)c1ccc(Cl)cc1,*c1cnncc1N1CCCCCC1,0.5092506,0.5093,1.0,2.0,0.8393006,-7.2179,1.0,1.0,1.0,1.0,[],131
6.4612,14.5774,88.1225,0.8023433,O=C(NC(c1ccc(Cl)cc1)c1ccco1)c1ccc(N2CCC(O)C2)cc1,1,[*]C(NC(=O)c1ccc(N2CCC(O)C2)cc1)c1ccc(Cl)cc1,*c1ccco1,0.6831305,0.6831,1.0,2.0,0.8382017,-7.2144,1.0,1.0,1.0,1.0,[],27
9.0369,24.6428,71.8928,0.7541844,O=C(NC(c1ccc(Cl)cc1)c1ncc(N2CCCC2)cn1)c1ccc(N2CCC(O)C2)cc1,1,[*]C(NC(=O)c1ccc(N2CCC(O)C2)cc1)c1ccc(Cl)cc1,*c1ncc(N2CCCC2)cn1,0.5613902,0.5614,1.0,2.0,0.8339951,-7.201,1.0,1.0,1.0,1.0,[],69
8.7133,28.3878,65.2126,0.7312538,O=C(NC(c1ccc(Cl)cc1)c1cc(N2CCCC2)c[nH]1)c1ccc(N2CCC(O)C2)cc1,1,[*]C(NC(=O)c1ccc(N2CCC(O)C2)cc1)c1ccc(Cl)cc1,*c1cc(N2CCCC2)c[nH]1,0.5065922,0.5066,1.0,2.0,0.8339071,-7.2008,1.0,1.0,1.0,1.0,[],143
8.8887,23.6181,72.1436,0.7481383,O=C(NC(c1ccc(Cl)cc1)c1ccc(N2CCCC2)cn1)c1ccc(N2CCC(O)C2)cc1,1,[*]C(NC(=O)c1ccc(N2CCC(O)C2)cc1)c1ccc(Cl)cc1,*c1ccc(N2CCCC2)cn1,0.550671,0.5507,1.0,2.0,0.8308521,-7.1913,1.0,1.0,1.0,1.0,[],166
10.1431,26.0566,68.2762,0.7369751,Cn1nc(C(NC(=O)c2ccc(N3CCC(O)C3)cc2)c2ccc(Cl)cc2)cc1CN1CCCC1,1,[*]C(NC(=O)c1ccc(N2CCC(O)C2)cc1)c1ccc(Cl)cc1,*c1cc(CN2CCCC2)n(C)n1,0.5240021,0.524,1.0,2.0,0.8306566,-7.1907,1.0,1.0,1.0,1.0,[],71
8.619,22.1541,76.782,0.7729381,O=C(NC(c1ccc(Cl)cc1)c1ncc2n1CCCC2)c1ccc(N2CCC(O)C2)cc1,1,[*]C(NC(=O)c1ccc(N2CCC(O)C2)cc1)c1ccc(Cl)cc1,*c1ncc2n1CCCC2,0.6168294,0.6168,1.0,2.0,0.8288807,-7.1852,1.0,1.0,1.0,1.0,[],47
7.0054,23.5748,72.1729,0.7480287,O=C(NC(c1ccc(Cl)cc1)c1nnc(N2CCCC2)s1)c1ccc(N2CCC(O)C2)cc1,1,[*]C(NC(=O)c1ccc(N2CCC(O)C2)cc1)c1ccc(Cl)cc1,*c1nnc(N2CCCC2)s1,0.5533963,0.5534,1.0,2.0,0.8286015,-7.1843,1.0,1.0,1.0,1.0,[],70
7.2268,29.772,63.7338,0.7305135,Cc1cc(N2CCCCC2)nnc1C(NC(=O)c1ccc(N2CCC(O)C2)cc1)c1ccc(Cl)cc1,1,[*]C(NC(=O)c1ccc(N2CCC(O)C2)cc1)c1ccc(Cl)cc1,*c1nnc(N2CCCCC2)cc1C,0.5123869,0.5124,1.0,2.0,0.8277795,-7.1818,1.0,1.0,1.0,1.0,[],82
6.667,20.6558,74.1277,0.7404968,O=C(NC(c1ccc(Cl)cc1)c1cnc(N2CCCCC2)nc1)c1ccc(N2CCC(O)C2)cc1,1,[*]C(NC(=O)c1ccc(N2CCC(O)C2)cc1)c1ccc(Cl)cc1,*c1cnc(N2CCCCC2)nc1,0.537264,0.5373,1.0,2.0,0.8268843,-7.1791,1.0,1.0,1.0,1.0,[],73
16.2317,29.195,66.6686,0.7489339,C/C=C/c1nc(C(NC(=O)c2ccc(N3CCC(O)C3)cc2)c2ccc(Cl)cc2)c(C)o1,1,[*]C(NC(=O)c1ccc(N2CCC(O)C2)cc1)c1ccc(Cl)cc1,*c1nc(/C=C/C)oc1C,0.5645314,0.5645,1.0,2.0,0.8220441,-7.1646,1.0,1.0,1.0,1.0,[],35
10.9378,32.7123,60.225,0.726073,Cn1ccc(C(NC(=O)c2ccc(N3CCC(O)C3)cc2)c2ccc(Cl)cc2)c(N2CCCCC2)c1=O,1,[*]C(NC(=O)c1ccc(N2CCC(O)C2)cc1)c1ccc(Cl)cc1,*c1ccn(C)c(=O)c1N1CCCCC1,0.5110475,0.511,1.0,2.0,0.8204835,-7.16,1.0,1.0,1.0,1.0,[],157
8.4256,22.2576,70.7713,0.7267888,O=C(NC(c1ccc(Cl)cc1)c1ccncc1N1CCCCC1)c1ccc(N2CCC(O)C2)cc1,1,[*]C(NC(=O)c1ccc(N2CCC(O)C2)cc1)c1ccc(Cl)cc1,*c1ccncc1N1CCCCC1,0.5183857,0.5184,1.0,2.0,0.8159945,-7.1469,1.0,1.0,1.0,1.0,[],151
8.158,19.7835,73.5155,0.7288985,O=C(NC(c1ccc(Cl)cc1)c1cccc(N2CCCC2)c1)c1ccc(N2CCC(O)C2)cc1,1,[*]C(NC(=O)c1ccc(N2CCC(O)C2)cc1)c1ccc(Cl)cc1,*c1cccc(N2CCCC2)c1,0.5246518,0.5247,1.0,2.0,0.8150349,-7.1441,1.0,1.0,1.0,1.0,[],107
10.8251,28.1476,68.264,0.7532155,O=C(NC(c1ccc(Cl)cc1)c1nn2c(cc1=O)CCCC2)c1ccc(N2CCC(O)C2)cc1,1,[*]C(NC(=O)c1ccc(N2CCC(O)C2)cc1)c1ccc(Cl)cc1,*c1nn2c(cc1=O)CCCC2,0.5870555,0.5871,1.0,2.0,0.8138152,-7.1406,1.0,1.0,1.0,1.0,[],93
6.7844,24.6842,69.0532,0.7323238,O=C(NC(c1ccc(Cl)cc1)c1cnc(N2CCCCC2)cn1)c1ccc(N2CCC(O)C2)cc1,1,[*]C(NC(=O)c1ccc(N2CCC(O)C2)cc1)c1ccc(Cl)cc1,*c1cnc(N2CCCCC2)cn1,0.537264,0.5373,1.0,2.0,0.8117296,-7.1346,1.0,1.0,1.0,1.0,[],176
9.8877,24.5953,69.1199,0.7321499,O=C(NC(c1ccc(Cl)cc1)c1cncc(N2CCCCC2)n1)c1ccc(N2CCC(O)C2)cc1,1,[*]C(NC(=O)c1ccc(N2CCC(O)C2)cc1)c1ccc(Cl)cc1,*c1cncc(N2CCCCC2)n1,0.537264,0.5373,1.0,2.0,0.8114084,-7.1337,1.0,1.0,1.0,1.0,[],101
8.5101,18.3123,75.4153,0.7322471,O=C(NC(c1ccc(Cl)cc1)c1ccc(C2CC2)cc1)c1ccc(N2CCC(O)C2)cc1,1,[*]C(NC(=O)c1ccc(N2CCC(O)C2)cc1)c1ccc(Cl)cc1,*c1ccc(C2CC2)cc1,0.5392749,0.5393,1.0,2.0,0.8100733,-7.1299,1.0,1.0,1.0,1.0,[],23
8.369,23.2901,69.9741,0.7286267,O=C(NC(c1ccc(Cl)cc1)c1nccc(N2CCCCC2)n1)c1ccc(N2CCC(O)C2)cc1,1,[*]C(NC(=O)c1ccc(N2CCC(O)C2)cc1)c1ccc(Cl)cc1,*c1nccc(N2CCCCC2)n1,0.537264,0.5373,1.0,2.0,0.8049111,-7.1155,1.0,1.0,1.0,1.0,[],72
6.9299,23.8085,71.1749,0.7420575,O=C(NC(c1ccc(Cl)cc1)c1ccc(C2CC2)o1)c1ccc(N2CCC(O)C2)cc1,1,[*]C(NC(=O)c1ccc(N2CCC(O)C2)cc1)c1ccc(Cl)cc1,*c1ccc(C2CC2)o1,0.5763658,0.5764,1.0,2.0,0.8011494,-7.1052,1.0,1.0,1.0,1.0,[],105
9.6209,26.6492,65.1004,0.7167938,O=C(NC(c1ccc(Cl)cc1)c1cc(N2CCCC2)cs1)c1ccc(N2CCC(O)C2)cc1,1,[*]C(NC(=O)c1ccc(N2CCC(O)C2)cc1)c1ccc(Cl)cc1,*c1cc(N2CCCC2)cs1,0.5144457,0.5144,1.0,2.0,0.8004249,-7.1032,1.0,1.0,1.0,1.0,[],163
10.3837,23.6315,67.8273,0.7145224,O=C(NC(c1ccc(Cl)cc1)c1cnc(N2CCCCCC2)nc1)c1ccc(N2CCC(O)C2)cc1,1,[*]C(NC(=O)c1ccc(N2CCC(O)C2)cc1)c1ccc(Cl)cc1,*c1cnc(N2CCCCCC2)nc1,0.5092506,0.5093,1.0,2.0,0.800253,-7.1027,1.0,1.0,1.0,1.0,[],32
10.7914,29.7894,62.3509,0.7198462,N#Cc1ncc(N2CCCC2)cc1C(NC(=O)c1ccc(N2CCC(O)C2)cc1)c1ccc(Cl)cc1,1,[*]C(NC(=O)c1ccc(N2CCC(O)C2)cc1)c1ccc(Cl)cc1,*c1cc(N2CCCC2)cnc1C#N,0.5229715,0.523,1.0,2.0,0.7995161,-7.1007,1.0,1.0,1.0,1.0,[],170
8.191,17.0878,82.3367,0.7767539,Cn1cccc1C(NC(=O)c1ccc(N2CCC(O)C2)cc1)c1ccc(Cl)cc1,1,[*]C(NC(=O)c1ccc(N2CCC(O)C2)cc1)c1ccc(Cl)cc1,*c1cccn1C,0.6740268,0.674,1.0,2.0,0.799467,-7.1006,1.0,1.0,1.0,1.0,[],29
8.2759,22.9368,67.9841,0.7103196,Cc1ccc(C2CC2)cc1C(NC(=O)c1ccc(N2CCC(O)C2)cc1)c1ccc(Cl)cc1,1,[*]C(NC(=O)c1ccc(N2CCC(O)C2)cc1)c1ccc(Cl)cc1,*c1cc(C2CC2)ccc1C,0.5018669,0.5019,1.0,2.0,0.7982312,-7.0973,1.0,1.0,1.0,1.0,[],105
10.967,35.4117,58.0602,0.7302487,Cc1c(C(NC(=O)c2ccc(N3CCC(O)C3)cc2)c2ccc(Cl)cc2)coc1N1CCC1,1,[*]C(NC(=O)c1ccc(N2CCC(O)C2)cc1)c1ccc(Cl)cc1,*c1coc(N2CCC2)c1C,0.5589365,0.5589,1.0,2.0,0.7920819,-7.0809,1.0,1.0,1.0,1.0,[],100
8.5374,26.9824,65.5707,0.7230705,Cc1ncc(C(NC(=O)c2ccc(N3CCC(O)C3)cc2)c2ccc(Cl)cc2)n1N1CCCCC1,1,[*]C(NC(=O)c1ccc(N2CCC(O)C2)cc1)c1ccc(Cl)cc1,*c1cnc(C)n1N1CCCCC1,0.5415004,0.5415,1.0,2.0,0.7915925,-7.0796,1.0,1.0,1.0,1.0,[],187
16.674,27.0136,65.1752,0.7202244,O=C(NC(c1ccc(Cl)cc1)c1cc(C2CCC2)co1)c1ccc(N2CCC(O)C2)cc1,1,[*]C(NC(=O)c1ccc(N2CCC(O)C2)cc1)c1ccc(Cl)cc1,*c1cc(C2CCC2)co1,0.5350816,0.5351,1.0,2.0,0.791109,-7.0783,1.0,1.0,1.0,1.0,[],159
6.7452,19.4223,75.1695,0.7389984,O=C(NC(c1ccc(Cl)cc1)c1nnc(C2CC2)s1)c1ccc(N2CCC(O)C2)cc1,1,[*]C(NC(=O)c1ccc(N2CCC(O)C2)cc1)c1ccc(Cl)cc1,*c1nnc(C2CC2)s1,0.5843547,0.5844,1.0,2.0,0.7901949,-7.0759,1.0,1.0,1.0,1.0,[],53
13.0424,29.0706,63.5486,0.7235879,O=C(NC(c1ccc(Cl)cc1)c1nnc(C2CC2)c(Cl)n1)c1ccc(N2CCC(O)C2)cc1,1,[*]C(NC(=O)c1ccc(N2CCC(O)C2)cc1)c1ccc(Cl)cc1,*c1nnc(C2CC2)c(Cl)n1,0.5466236,0.5466,1.0,2.0,0.788814,-7.0723,1.0,1.0,1.0,1.0,[],67
10.5356,26.63,66.2142,0.7253454,O=C(NC(c1ccc(Cl)cc1)c1cccn1N1CCCCC1)c1ccc(N2CCC(O)C2)cc1,1,[*]C(NC(=O)c1ccc(N2CCC(O)C2)cc1)c1ccc(Cl)cc1,*c1cccn1N1CCCCC1,0.5525238,0.5525,1.0,2.0,0.7877697,-7.0696,1.0,1.0,1.0,1.0,[],162
12.171,26.4257,68.6231,0.7425686,O=C(NC(c1ccc(Cl)cc1)c1ncc(C2CC2)nn1)c1ccc(N2CCC(O)C2)cc1,1,[*]C(NC(=O)c1ccc(N2CCC(O)C2)cc1)c1ccc(Cl)cc1,*c1nnc(C2CC2)cn1,0.5981895,0.5982,1.0,2.0,0.7873024,-7.0684,1.0,1.0,1.0,1.0,[],170
7.6121,24.6685,66.1751,0.7097159,O=C(NC(c1ccc(Cl)cc1)c1nnc(CN2CCCC2)s1)c1ccc(N2CCC(O)C2)cc1,1,[*]C(NC(=O)c1ccc(N2CCC(O)C2)cc1)c1ccc(Cl)cc1,*c1nnc(CN2CCCC2)s1,0.5153184,0.5153,1.0,2.0,0.7866287,-7.0666,1.0,1.0,1.0,1.0,[],74
9.5102,29.0941,60.9849,0.7037425,Cc1sc(C(NC(=O)c2ccc(N3CCC(O)C3)cc2)c2ccc(Cl)cc2)nc1C1(C)CC1,1,[*]C(NC(=O)c1ccc(N2CCC(O)C2)cc1)c1ccc(Cl)cc1,*c1nc(C2(C)CC2)c(C)s1,0.50452,0.5045,1.0,2.0,0.7838815,-7.0596,1.0,1.0,1.0,1.0,[],93
9.7426,27.642,62.6548,0.7054434,O=C(NC(c1ccc(Cl)cc1)c1cnc(N2CCCCCC2)cn1)c1ccc(N2CCC(O)C2)cc1,1,[*]C(NC(=O)c1ccc(N2CCC(O)C2)cc1)c1ccc(Cl)cc1,*c1cnc(N2CCCCCC2)cn1,0.5092506,0.5093,1.0,2.0,0.7833777,-7.0583,1.0,1.0,1.0,1.0,[],76
12.2528,20.5899,72.2635,0.7254167,O=C(NC(c1ccc(Cl)cc1)c1ccc(N2CCC2)cc1)c1ccc(N2CCC(O)C2)cc1,1,[*]C(NC(=O)c1ccc(N2CCC(O)C2)cc1)c1ccc(Cl)cc1,*c1ccc(N2CCC2)cc1,0.5611382,0.5611,1.0,2.0,0.7818276,-7.0543,1.0,1.0,1.0,1.0,[],128
9.2597,22.6998,69.6235,0.7212758,O=C(NC(c1ccc(Cl)cc1)c1cncc(N2CCCC2)c1)c1ccc(N2CCC(O)C2)cc1,1,[*]C(NC(=O)c1ccc(N2CCC(O)C2)cc1)c1ccc(Cl)cc1,*c1cncc(N2CCCC2)c1,0.550671,0.5507,1.0,2.0,0.7817289,-7.0541,1.0,1.0,1.0,1.0,[],107
9.3888,31.8673,59.0202,0.7100587,Cc1cc(C(NC(=O)c2ccc(N3CCC(O)C3)cc2)c2ccc(Cl)cc2)n(C)c1N1CCCC1,1,[*]C(NC(=O)c1ccc(N2CCC(O)C2)cc1)c1ccc(Cl)cc1,*c1cc(C)c(N2CCCC2)n1C,0.5243387,0.5243,1.0,2.0,0.780461,-7.0508,1.0,1.0,1.0,1.0,[],148
8.832,29.9454,59.7186,0.7004997,O=C(NC(c1ccc(Cl)cc1)c1nnc(CN2CCCCC2)nn1)c1ccc(N2CCC(O)C2)cc1,1,[*]C(NC(=O)c1ccc(N2CCC(O)C2)cc1)c1ccc(Cl)cc1,*c1nnc(CN2CCCCC2)nn1,0.5022946,0.5023,1.0,2.0,0.7795919,-7.0486,1.0,1.0,1.0,1.0,[],75
11.7657,31.7405,61.7061,0.7300513,Cc1c(C(NC(=O)c2ccc(N3CCC(O)C3)cc2)c2ccc(Cl)cc2)ccn1C(=O)N(C)C,1,[*]C(NC(=O)c1ccc(N2CCC(O)C2)cc1)c1ccc(Cl)cc1,*c1ccn(C(=O)N(C)C)c1C,0.576739,0.5767,1.0,2.0,0.77941,-7.0482,1.0,1.0,1.0,1.0,[],104
11.7122,31.3714,59.4342,0.7094193,Cc1cnc(C(=O)N(C)C)c(C)c1C(NC(=O)c1ccc(N2CCC(O)C2)cc1)c1ccc(Cl)cc1,1,[*]C(NC(=O)c1ccc(N2CCC(O)C2)cc1)c1ccc(Cl)cc1,*c1c(C)cnc(C(=O)N(C)C)c1C,0.5244444,0.5244,1.0,2.0,0.7792113,-7.0477,1.0,1.0,1.0,1.0,[],187
10.35,28.0886,61.7353,0.7017489,O=C(NC(c1ccc(Cl)cc1)c1ccc(C(=O)N2CCCCC2)o1)c1ccc(N2CCC(O)C2)cc1,1,[*]C(NC(=O)c1ccc(N2CCC(O)C2)cc1)c1ccc(Cl)cc1,*c1ccc(C(=O)N2CCCCC2)o1,0.5069847,0.507,1.0,2.0,0.7782853,-7.0453,1.0,1.0,1.0,1.0,[],127
11.5161,27.1913,62.522,0.7008853,O=C(NC(c1ccc(Cl)cc1)c1ncoc1CN1CCCCC1)c1ccc(N2CCC(O)C2)cc1,1,[*]C(NC(=O)c1ccc(N2CCC(O)C2)cc1)c1ccc(Cl)cc1,*c1ncoc1CN1CCCCC1,0.5062304,0.5062,1.0,2.0,0.7772679,-7.0428,1.0,1.0,1.0,1.0,[],93
8.526,24.8248,64.948,0.7013497,O=C(NC(c1ccc(Cl)cc1)c1nccc(N2CCCCCC2)n1)c1ccc(N2CCC(O)C2)cc1,1,[*]C(NC(=O)c1ccc(N2CCC(O)C2)cc1)c1ccc(Cl)cc1,*c1nccc(N2CCCCCC2)n1,0.5092506,0.5093,1.0,2.0,0.7758158,-7.0392,1.0,1.0,1.0,1.0,[],92
8.3736,25.4277,67.6611,0.7272557,O=C(NC(c1ccc(Cl)cc1)c1nnc(N2CCC2)s1)c1ccc(N2CCC(O)C2)cc1,1,[*]C(NC(=O)c1ccc(N2CCC(O)C2)cc1)c1ccc(Cl)cc1,*c1nnc(N2CCC2)s1,0.5747914,0.5748,1.0,2.0,0.7757529,-7.039,1.0,1.0,1.0,1.0,[],73
10.1201,30.3945,60.5236,0.710298,N#Cc1ncc(C(NC(=O)c2ccc(N3CCC(O)C3)cc2)c2ccc(Cl)cc2)n1N1CCCCC1,1,[*]C(NC(=O)c1ccc(N2CCC(O)C2)cc1)c1ccc(Cl)cc1,*c1cnc(C#N)n1N1CCCCC1,0.531869,0.5319,1.0,2.0,0.7753516,-7.038,1.0,1.0,1.0,1.0,[],199
13.6115,33.6597,56.5621,0.7048576,O=C(NC(c1ccc(Cl)cc1)c1nc(Cl)nn1N1CCCCC1)c1ccc(N2CCC(O)C2)cc1,1,[*]C(NC(=O)c1ccc(N2CCC(O)C2)cc1)c1ccc(Cl)cc1,*c1nc(Cl)nn1N1CCCCC1,0.5197625,0.5198,1.0,2.0,0.7743427,-7.0355,1.0,1.0,1.0,1.0,[],177
8.0601,22.6025,67.7284,0.7057107,O=C(NC(c1ccc(Cl)cc1)c1nnc(C(=O)N2CCCCC2)o1)c1ccc(N2CCC(O)C2)cc1,1,[*]C(NC(=O)c1ccc(N2CCC(O)C2)cc1)c1ccc(Cl)cc1,*c1nnc(C(=O)N2CCCCC2)o1,0.5231522,0.5232,1.0,2.0,0.7733874,-7.0331,1.0,1.0,1.0,1.0,[],66
9.0095,31.4139,57.9302,0.6980003,O=C(NC(c1ccc(Cl)cc1)c1nc(C(=O)N2CCCCC2)ns1)c1ccc(N2CCC(O)C2)cc1,1,[*]C(NC(=O)c1ccc(N2CCC(O)C2)cc1)c1ccc(Cl)cc1,*c1nc(C(=O)N2CCCCC2)ns1,0.5061052,0.5061,1.0,2.0,0.7720385,-7.0298,1.0,1.0,1.0,1.0,[],76
8.8119,25.0272,65.1779,0.7047274,O=C(NC(c1ccc(Cl)cc1)c1noc(C(=O)N2CCCCC2)n1)c1ccc(N2CCC(O)C2)cc1,1,[*]C(NC(=O)c1ccc(N2CCC(O)C2)cc1)c1ccc(Cl)cc1,*c1noc(C(=O)N2CCCCC2)n1,0.5231522,0.5232,1.0,2.0,0.7715923,-7.0287,1.0,1.0,1.0,1.0,[],79
9.7292,24.88,65.5167,0.706224,CCn1c(C)c(C)c(C)c1C(NC(=O)c1ccc(N2CCC(O)C2)cc1)c1ccc(Cl)cc1,1,[*]C(NC(=O)c1ccc(N2CCC(O)C2)cc1)c1ccc(Cl)cc1,*c1c(C)c(C)c(C)n1CC,0.5271691,0.5272,1.0,2.0,0.7713696,-7.0281,1.0,1.0,1.0,1.0,[],147
9.1397,31.1329,61.6891,0.7251716,O=C(NC(c1ccc(Cl)cc1)c1ncc(C2CCC2)nn1)c1ccc(N2CCC(O)C2)cc1,1,[*]C(NC(=O)c1ccc(N2CCC(O)C2)cc1)c1ccc(Cl)cc1,*c1ncc(C2CCC2)nn1,0.5760462,0.576,1.0,2.0,0.7712101,-7.0277,1.0,1.0,1.0,1.0,[],91
10.0921,26.011,63.9077,0.7024903,N#Cc1ccc(C2CC2)cc1C(NC(=O)c1ccc(N2CCC(O)C2)cc1)c1ccc(Cl)cc1,1,[*]C(NC(=O)c1ccc(N2CCC(O)C2)cc1)c1ccc(Cl)cc1,*c1cc(C2CC2)ccc1C#N,0.5190257,0.519,1.0,2.0,0.7705594,-7.0261,1.0,1.0,1.0,1.0,[],179
16.814,33.1904,58.7306,0.7181326,O=C(NC(c1ccc(Cl)cc1)c1nc[n+](C2CCC2)o1)c1ccc(N2CCC(O)C2)cc1,1,[*]C(NC(=O)c1ccc(N2CCC(O)C2)cc1)c1ccc(Cl)cc1,*c1nc[n+](C2CCC2)o1,0.5586199,0.5586,1.0,2.0,0.7705181,-7.026,1.0,1.0,1.0,1.0,[],43
9.991,30.8343,60.416,0.7128932,Cc1nc(C(NC(=O)c2ccc(N3CCC(O)C3)cc2)c2ccc(Cl)cc2)n(N2CCCCC2)n1,1,[*]C(NC(=O)c1ccc(N2CCC(O)C2)cc1)c1ccc(Cl)cc1,*c1nc(C)nn1N1CCCCC1,0.545555,0.5456,1.0,2.0,0.770232,-7.0253,1.0,1.0,1.0,1.0,[],191
5.2872,27.3486,62.2389,0.6999023,Cc1nn(C2CCCCC2)nc1C(NC(=O)c1ccc(N2CCC(O)C2)cc1)c1ccc(Cl)cc1,1,[*]C(NC(=O)c1ccc(N2CCC(O)C2)cc1)c1ccc(Cl)cc1,*c1nn(C2CCCCC2)nc1C,0.5132729,0.5133,1.0,2.0,0.7701138,-7.025,1.0,1.0,1.0,1.0,[],80
7.808,26.0151,63.1733,0.6967841,Cn1nc(CN2CCCCC2)nc1C(NC(=O)c1ccc(N2CCC(O)C2)cc1)c1ccc(Cl)cc1,1,[*]C(NC(=O)c1ccc(N2CCC(O)C2)cc1)c1ccc(Cl)cc1,*c1nc(CN2CCCCC2)nn1C,0.5073927,0.5074,1.0,2.0,0.7688206,-7.0219,1.0,1.0,1.0,1.0,[],70
8.2613,21.226,69.632,0.7098283,O=C(NC(c1ccc(Cl)cc1)c1ncnn1C1CCCCC1)c1ccc(N2CCC(O)C2)cc1,1,[*]C(NC(=O)c1ccc(N2CCC(O)C2)cc1)c1ccc(Cl)cc1,*c1ncnn1C1CCCCC1,0.5424709,0.5425,1.0,2.0,0.7668917,-7.0172,1.0,1.0,1.0,1.0,[],74
9.3443,37.0057,51.4949,0.691411,O=C(NC(c1ccc(Cl)cc1)c1cc(N2CCC2)cn1C1CC1)c1ccc(N2CCC(O)C2)cc1,1,[*]C(NC(=O)c1ccc(N2CCC(O)C2)cc1)c1ccc(Cl)cc1,*c1cc(N2CCC2)cn1C1CC1,0.5002405,0.5002,1.0,2.0,0.7643712,-7.0111,1.0,1.0,1.0,1.0,[],155
7.4851,26.2044,64.3201,0.7072219,Cc1c(C(NC(=O)c2ccc(N3CCC(O)C3)cc2)c2ccc(Cl)cc2)c(N2CCCC2)nn1C,1,[*]C(NC(=O)c1ccc(N2CCC(O)C2)cc1)c1ccc(Cl)cc1,*c1c(N2CCCC2)nn(C)c1C,0.541166,0.5412,1.0,2.0,0.7631225,-7.0081,1.0,1.0,1.0,1.0,[],143
9.0705,21.1477,70.0317,0.7123394,O=C(NC(c1ccc(Cl)cc1)c1nnc(C2CCC2)s1)c1ccc(N2CCC(O)C2)cc1,1,[*]C(NC(=O)c1ccc(N2CCC(O)C2)cc1)c1ccc(Cl)cc1,*c1nnc(C2CCC2)s1,0.5545319,0.5545,1.0,2.0,0.7629833,-7.0077,1.0,1.0,1.0,1.0,[],48
9.9318,27.5102,61.6447,0.6965225,Cn1nc(C(NC(=O)c2ccc(N3CCC(O)C3)cc2)c2ccc(Cl)cc2)cc1C(=O)N1CCCCC1,1,[*]C(NC(=O)c1ccc(N2CCC(O)C2)cc1)c1ccc(Cl)cc1,*c1cc(C(=O)N2CCCCC2)n(C)n1,0.5148299,0.5148,1.0,2.0,0.7627696,-7.0072,1.0,1.0,1.0,1.0,[],68
10.6991,32.9072,55.5597,0.6911473,O=C(NC(c1ccc(Cl)cc1)c1cnc(CN2CCCCC2)nn1)c1ccc(N2CCC(O)C2)cc1,1,[*]C(NC(=O)c1ccc(N2CCC(O)C2)cc1)c1ccc(Cl)cc1,*c1cnc(CN2CCCCC2)nn1,0.5052522,0.5053,1.0,2.0,0.7600875,-7.0008,1.0,1.0,1.0,1.0,[],79
8.3637,27.2583,64.0042,0.7129884,O=C(NC(c1ccc(Cl)cc1)c1cnc(N2CCCC2)nn1)c1ccc(N2CCC(O)C2)cc1,1,[*]C(NC(=O)c1ccc(N2CCC(O)C2)cc1)c1ccc(Cl)cc1,*c1cnc(N2CCCC2)nn1,0.5613423,0.5613,1.0,2.0,0.7594927,-6.9994,1.0,1.0,1.0,1.0,[],93
9.5466,29.1223,61.3348,0.7066954,Cc1nnc(C(NC(=O)c2ccc(N3CCC(O)C3)cc2)c2ccc(Cl)cc2)n1N1CCCCC1,1,[*]C(NC(=O)c1ccc(N2CCC(O)C2)cc1)c1ccc(Cl)cc1,*c1nnc(C)n1N1CCCCC1,0.545555,0.5456,1.0,2.0,0.7591038,-6.9985,1.0,1.0,1.0,1.0,[],180
11.3212,28.146,60.266,0.6907192,O=C(NC(c1ccc(Cl)cc1)c1cnoc1CN1CCCCC1)c1ccc(N2CCC(O)C2)cc1,1,[*]C(NC(=O)c1ccc(N2CCC(O)C2)cc1)c1ccc(Cl)cc1,*c1cnoc1CN1CCCCC1,0.5062304,0.5062,1.0,2.0,0.7585689,-6.9972,1.0,1.0,1.0,1.0,[],124
8.549,35.8013,53.4693,0.6974265,Cc1c(C(NC(=O)c2ccc(N3CCC(O)C3)cc2)c2ccc(Cl)cc2)c(N2CCCC2)cn1C,1,[*]C(NC(=O)c1ccc(N2CCC(O)C2)cc1)c1ccc(Cl)cc1,*c1c(N2CCCC2)cn(C)c1C,0.5243387,0.5243,1.0,2.0,0.7574573,-6.9946,1.0,1.0,1.0,1.0,[],148
10.5304,31.0683,56.8543,0.686895,O=C(NC(c1ccc(Cl)cc1)c1cnc(C2CC2)n1N1CCCC1)c1ccc(N2CCC(O)C2)cc1,1,[*]C(NC(=O)c1ccc(N2CCC(O)C2)cc1)c1ccc(Cl)cc1,*c1cnc(C2CC2)n1N1CCCC1,0.5022986,0.5023,1.0,2.0,0.754518,-6.9876,1.0,1.0,1.0,1.0,[],191
6.7666,24.616,65.2532,0.7021035,Cc1nn(C)c(N2CCCC2)c1C(NC(=O)c1ccc(N2CCC(O)C2)cc1)c1ccc(Cl)cc1,1,[*]C(NC(=O)c1ccc(N2CCC(O)C2)cc1)c1ccc(Cl)cc1,*c1c(C)nn(C)c1N1CCCC1,0.541166,0.5412,1.0,2.0,0.7539398,-6.9863,1.0,1.0,1.0,1.0,[],149
10.7969,24.4814,63.5997,0.688133,O=C(NC(c1ccc(Cl)cc1)c1ncc(CN2CCCCC2)o1)c1ccc(N2CCC(O)C2)cc1,1,[*]C(NC(=O)c1ccc(N2CCC(O)C2)cc1)c1ccc(Cl)cc1,*c1ncc(CN2CCCCC2)o1,0.5062304,0.5062,1.0,2.0,0.7538412,-6.9861,1.0,1.0,1.0,1.0,[],181
9.9426,25.4985,65.4474,0.7105151,O=C(NC(c1ccc(Cl)cc1)c1nncn1N1CCCCC1)c1ccc(N2CCC(O)C2)cc1,1,[*]C(NC(=O)c1ccc(N2CCC(O)C2)cc1)c1ccc(Cl)cc1,*c1nncn1N1CCCCC1,0.5633723,0.5634,1.0,2.0,0.753745,-6.9858,1.0,1.0,1.0,1.0,[],190
7.5502,22.8734,66.3248,0.696861,O=C(NC(c1ccc(Cl)cc1)c1sccc1C1CC1)c1ccc(N2CCC(O)C2)cc1,1,[*]C(NC(=O)c1ccc(N2CCC(O)C2)cc1)c1ccc(Cl)cc1,*c1sccc1C1CC1,0.5282923,0.5283,1.0,2.0,0.753598,-6.9855,1.0,1.0,1.0,1.0,[],132
9.7852,25.8256,61.8833,0.6852259,O=C(NC(c1ccc(Cl)cc1)c1ncc(CN2CCCCC2)cn1)c1ccc(N2CCC(O)C2)cc1,1,[*]C(NC(=O)c1ccc(N2CCC(O)C2)cc1)c1ccc(Cl)cc1,*c1ncc(CN2CCCCC2)cn1,0.5004514,0.5005,1.0,2.0,0.7528503,-6.9837,1.0,1.0,1.0,1.0,[],65
9.5338,24.1302,67.9316,0.7192334,O=C(NC(c1ccc(Cl)cc1)c1cnn2c1CCCCC2)c1ccc(N2CCC(O)C2)cc1,1,[*]C(NC(=O)c1ccc(N2CCC(O)C2)cc1)c1ccc(Cl)cc1,*c1cnn2c1CCCCC2,0.5884467,0.5884,1.0,2.0,0.7526553,-6.9833,1.0,1.0,1.0,1.0,[],47
12.0039,26.2429,63.5345,0.7013864,O=C(NC(c1ccc(Cl)cc1)c1nccn1C(=O)N1CCCCC1)c1ccc(N2CCC(O)C2)cc1,1,[*]C(NC(=O)c1ccc(N2CCC(O)C2)cc1)c1ccc(Cl)cc1,*c1nccn1C(=O)N1CCCCC1,0.5427568,0.5428,1.0,2.0,0.7515529,-6.9807,1.0,1.0,1.0,1.0,[],178
11.2424,33.1679,55.8221,0.6952338,N#Cc1c(C(NC(=O)c2ccc(N3CCC(O)C3)cc2)c2ccc(Cl)cc2)coc1N1CCCC1,1,[*]C(NC(=O)c1ccc(N2CCC(O)C2)cc1)c1ccc(Cl)cc1,*c1coc(N2CCCC2)c1C#N,0.5283696,0.5284,1.0,2.0,0.7506128,-6.9785,1.0,1.0,1.0,1.0,[],147
7.2127,20.6116,67.7977,0.6906979,O=C(NC(c1ccc(Cl)cc1)c1ccc(N2CCCCC2)nc1)c1ccc(N2CCC(O)C2)cc1,1,[*]C(NC(=O)c1ccc(N2CCC(O)C2)cc1)c1ccc(Cl)cc1,*c1ccc(N2CCCCC2)nc1,0.5183857,0.5184,1.0,2.0,0.7495842,-6.9762,1.0,1.0,1.0,1.0,[],114
6.2289,14.1856,80.9998,0.7436359,Cn1nnnc1C(NC(=O)c1ccc(N2CCC(O)C2)cc1)c1ccc(Cl)cc1,1,[*]C(NC(=O)c1ccc(N2CCC(O)C2)cc1)c1ccc(Cl)cc1,*c1nnnn1C,0.6645945,0.6646,1.0,2.0,0.7487248,-6.9742,1.0,1.0,1.0,1.0,[],46
8.81,25.4541,63.0856,0.6917159,Cc1ccc(C(NC(=O)c2ccc(N3CCC(O)C3)cc2)c2ccc(Cl)cc2)c(N2CCCC2)n1,1,[*]C(NC(=O)c1ccc(N2CCC(O)C2)cc1)c1ccc(Cl)cc1,*c1ccc(C)nc1N1CCCC1,0.5223234,0.5223,1.0,2.0,0.7485887,-6.9739,1.0,1.0,1.0,1.0,[],182
12.1778,29.6665,58.5925,0.6895236,Cc1nn(N2CCCCC2)c(C)c1C(NC(=O)c1ccc(N2CCC(O)C2)cc1)c1ccc(Cl)cc1,1,[*]C(NC(=O)c1ccc(N2CCC(O)C2)cc1)c1ccc(Cl)cc1,*c1c(C)nn(N2CCCCC2)c1C,0.5181651,0.5182,1.0,2.0,0.7476203,-6.9716,1.0,1.0,1.0,1.0,[],151
9.5304,31.2912,56.7895,0.6881308,Cc1nc(C)c(N2CCCC2)nc1C(NC(=O)c1ccc(N2CCC(O)C2)cc1)c1ccc(Cl)cc1,1,[*]C(NC(=O)c1ccc(N2CCC(O)C2)cc1)c1ccc(Cl)cc1,*c1nc(N2CCCC2)c(C)nc1C,0.515272,0.5153,1.0,2.0,0.7471939,-6.9706,1.0,1.0,1.0,1.0,[],78
9.7598,19.5874,72.8433,0.7221154,COc1nnc(C(NC(=O)c2ccc(N3CCC(O)C3)cc2)c2ccc(Cl)cc2)s1,1,[*]C(NC(=O)c1ccc(N2CCC(O)C2)cc1)c1ccc(Cl)cc1,*c1nnc(OC)s1,0.6062409,0.6062,1.0,2.0,0.7464861,-6.969,1.0,1.0,1.0,1.0,[],53
10.7017,24.4564,64.8668,0.6978381,O=C(NC(c1ccc(Cl)cc1)c1ncc(N2CCCC2)s1)c1ccc(N2CCC(O)C2)cc1,1,[*]C(NC(=O)c1ccc(N2CCC(O)C2)cc1)c1ccc(Cl)cc1,*c1ncc(N2CCCC2)s1,0.541564,0.5416,1.0,2.0,0.746047,-6.968,1.0,1.0,1.0,1.0,[],134
